[NPM1]_WT,[NPM1]_Halo,[NPM1]_FAST,Gamma1,Gamma2,GVR
0.0,0.0,1.0,0.25,0.125,
0.0,0.0,1.0,0.5,0.125,
0.0,0.0,1.0,0.5,0.25,
0.0,0.0,1.0,1.0,0.125,
0.0,0.0,1.0,1.0,0.25,
0.0,0.0,1.0,1.0,0.5,
0.0,0.0,1.0,2.0,0.125,
0.0,0.0,1.0,2.0,0.25,
0.0,0.0,1.0,2.0,0.5,
0.0,0.0,1.0,2.0,1.0,
0.0,0.0,1.0,4.0,0.125,
0.0,0.0,1.0,4.0,0.25,
0.0,0.0,1.0,4.0,0.5,
0.0,0.0,1.0,4.0,1.0,
0.0,0.0,1.0,4.0,2.0,
0.0,0.05,0.95,0.25,0.125,3.563
0.0,0.05,0.95,0.5,0.125,5.938
0.0,0.05,0.95,0.5,0.25,7.125
0.0,0.05,0.95,1.0,0.125,10.688
0.0,0.05,0.95,1.0,0.25,11.875
0.0,0.05,0.95,1.0,0.5,14.25
0.0,0.05,0.95,2.0,0.125,20.188
0.0,0.05,0.95,2.0,0.25,21.375
0.0,0.05,0.95,2.0,0.5,23.75
0.0,0.05,0.95,2.0,1.0,28.5
0.0,0.05,0.95,4.0,0.125,39.188
0.0,0.05,0.95,4.0,0.25,40.375
0.0,0.05,0.95,4.0,0.5,42.75
0.0,0.05,0.95,4.0,1.0,47.5
0.0,0.05,0.95,4.0,2.0,57.0
0.0,0.1,0.9,0.25,0.125,3.375
0.0,0.1,0.9,0.5,0.125,5.625
0.0,0.1,0.9,0.5,0.25,6.75
0.0,0.1,0.9,1.0,0.125,10.125
0.0,0.1,0.9,1.0,0.25,11.25
0.0,0.1,0.9,1.0,0.5,13.5
0.0,0.1,0.9,2.0,0.125,19.125
0.0,0.1,0.9,2.0,0.25,20.25
0.0,0.1,0.9,2.0,0.5,22.5
0.0,0.1,0.9,2.0,1.0,27.0
0.0,0.1,0.9,4.0,0.125,37.125
0.0,0.1,0.9,4.0,0.25,38.25
0.0,0.1,0.9,4.0,0.5,40.5
0.0,0.1,0.9,4.0,1.0,45.0
0.0,0.1,0.9,4.0,2.0,54.0
0.0,0.15,0.85,0.25,0.125,3.188
0.0,0.15,0.85,0.5,0.125,5.313
0.0,0.15,0.85,0.5,0.25,6.375
0.0,0.15,0.85,1.0,0.125,9.563
0.0,0.15,0.85,1.0,0.25,10.625
0.0,0.15,0.85,1.0,0.5,12.75
0.0,0.15,0.85,2.0,0.125,18.063
0.0,0.15,0.85,2.0,0.25,19.125
0.0,0.15,0.85,2.0,0.5,21.25
0.0,0.15,0.85,2.0,1.0,25.5
0.0,0.15,0.85,4.0,0.125,35.063
0.0,0.15,0.85,4.0,0.25,36.125
0.0,0.15,0.85,4.0,0.5,38.25
0.0,0.15,0.85,4.0,1.0,42.5
0.0,0.15,0.85,4.0,2.0,51.0
0.0,0.2,0.8,0.25,0.125,3.0
0.0,0.2,0.8,0.5,0.125,5.0
0.0,0.2,0.8,0.5,0.25,6.0
0.0,0.2,0.8,1.0,0.125,9.0
0.0,0.2,0.8,1.0,0.25,10.0
0.0,0.2,0.8,1.0,0.5,12.0
0.0,0.2,0.8,2.0,0.125,17.0
0.0,0.2,0.8,2.0,0.25,18.0
0.0,0.2,0.8,2.0,0.5,20.0
0.0,0.2,0.8,2.0,1.0,24.0
0.0,0.2,0.8,4.0,0.125,33.0
0.0,0.2,0.8,4.0,0.25,34.0
0.0,0.2,0.8,4.0,0.5,36.0
0.0,0.2,0.8,4.0,1.0,40.0
0.0,0.2,0.8,4.0,2.0,48.0
0.0,0.25,0.75,0.25,0.125,2.812
0.0,0.25,0.75,0.5,0.125,4.688
0.0,0.25,0.75,0.5,0.25,5.625
0.0,0.25,0.75,1.0,0.125,8.438
0.0,0.25,0.75,1.0,0.25,9.375
0.0,0.25,0.75,1.0,0.5,11.25
0.0,0.25,0.75,2.0,0.125,15.938
0.0,0.25,0.75,2.0,0.25,16.875
0.0,0.25,0.75,2.0,0.5,18.75
0.0,0.25,0.75,2.0,1.0,22.5
0.0,0.25,0.75,4.0,0.125,30.938
0.0,0.25,0.75,4.0,0.25,31.875
0.0,0.25,0.75,4.0,0.5,33.75
0.0,0.25,0.75,4.0,1.0,37.5
0.0,0.25,0.75,4.0,2.0,45.0
0.0,0.3,0.7,0.25,0.125,2.625
0.0,0.3,0.7,0.5,0.125,4.375
0.0,0.3,0.7,0.5,0.25,5.25
0.0,0.3,0.7,1.0,0.125,7.875
0.0,0.3,0.7,1.0,0.25,8.75
0.0,0.3,0.7,1.0,0.5,10.5
0.0,0.3,0.7,2.0,0.125,14.875
0.0,0.3,0.7,2.0,0.25,15.75
0.0,0.3,0.7,2.0,0.5,17.5
0.0,0.3,0.7,2.0,1.0,21.0
0.0,0.3,0.7,4.0,0.125,28.875
0.0,0.3,0.7,4.0,0.25,29.75
0.0,0.3,0.7,4.0,0.5,31.5
0.0,0.3,0.7,4.0,1.0,35.0
0.0,0.3,0.7,4.0,2.0,42.0
0.0,0.35,0.65,0.25,0.125,2.438
0.0,0.35,0.65,0.5,0.125,4.063
0.0,0.35,0.65,0.5,0.25,4.875
0.0,0.35,0.65,1.0,0.125,7.313
0.0,0.35,0.65,1.0,0.25,8.125
0.0,0.35,0.65,1.0,0.5,9.75
0.0,0.35,0.65,2.0,0.125,13.813
0.0,0.35,0.65,2.0,0.25,14.625
0.0,0.35,0.65,2.0,0.5,16.25
0.0,0.35,0.65,2.0,1.0,19.5
0.0,0.35,0.65,4.0,0.125,26.813
0.0,0.35,0.65,4.0,0.25,27.625
0.0,0.35,0.65,4.0,0.5,29.25
0.0,0.35,0.65,4.0,1.0,32.5
0.0,0.35,0.65,4.0,2.0,39.0
0.0,0.4,0.6,0.25,0.125,2.25
0.0,0.4,0.6,0.5,0.125,3.75
0.0,0.4,0.6,0.5,0.25,4.5
0.0,0.4,0.6,1.0,0.125,6.75
0.0,0.4,0.6,1.0,0.25,7.5
0.0,0.4,0.6,1.0,0.5,9.0
0.0,0.4,0.6,2.0,0.125,12.75
0.0,0.4,0.6,2.0,0.25,13.5
0.0,0.4,0.6,2.0,0.5,15.0
0.0,0.4,0.6,2.0,1.0,18.0
0.0,0.4,0.6,4.0,0.125,24.75
0.0,0.4,0.6,4.0,0.25,25.5
0.0,0.4,0.6,4.0,0.5,27.0
0.0,0.4,0.6,4.0,1.0,30.0
0.0,0.4,0.6,4.0,2.0,36.0
0.0,0.45,0.55,0.25,0.125,2.063
0.0,0.45,0.55,0.5,0.125,3.438
0.0,0.45,0.55,0.5,0.25,4.125
0.0,0.45,0.55,1.0,0.125,6.188
0.0,0.45,0.55,1.0,0.25,6.875
0.0,0.45,0.55,1.0,0.5,8.25
0.0,0.45,0.55,2.0,0.125,11.688
0.0,0.45,0.55,2.0,0.25,12.375
0.0,0.45,0.55,2.0,0.5,13.75
0.0,0.45,0.55,2.0,1.0,16.5
0.0,0.45,0.55,4.0,0.125,22.688
0.0,0.45,0.55,4.0,0.25,23.375
0.0,0.45,0.55,4.0,0.5,24.75
0.0,0.45,0.55,4.0,1.0,27.5
0.0,0.45,0.55,4.0,2.0,33.0
0.0,0.5,0.5,0.25,0.125,1.875
0.0,0.5,0.5,0.5,0.125,3.125
0.0,0.5,0.5,0.5,0.25,3.75
0.0,0.5,0.5,1.0,0.125,5.625
0.0,0.5,0.5,1.0,0.25,6.25
0.0,0.5,0.5,1.0,0.5,7.5
0.0,0.5,0.5,2.0,0.125,10.625
0.0,0.5,0.5,2.0,0.25,11.25
0.0,0.5,0.5,2.0,0.5,12.5
0.0,0.5,0.5,2.0,1.0,15.0
0.0,0.5,0.5,4.0,0.125,20.625
0.0,0.5,0.5,4.0,0.25,21.25
0.0,0.5,0.5,4.0,0.5,22.5
0.0,0.5,0.5,4.0,1.0,25.0
0.0,0.5,0.5,4.0,2.0,30.0
0.0,0.55,0.45,0.25,0.125,1.688
0.0,0.55,0.45,0.5,0.125,2.813
0.0,0.55,0.45,0.5,0.25,3.375
0.0,0.55,0.45,1.0,0.125,5.063
0.0,0.55,0.45,1.0,0.25,5.625
0.0,0.55,0.45,1.0,0.5,6.75
0.0,0.55,0.45,2.0,0.125,9.563
0.0,0.55,0.45,2.0,0.25,10.125
0.0,0.55,0.45,2.0,0.5,11.25
0.0,0.55,0.45,2.0,1.0,13.5
0.0,0.55,0.45,4.0,0.125,18.562
0.0,0.55,0.45,4.0,0.25,19.125
0.0,0.55,0.45,4.0,0.5,20.25
0.0,0.55,0.45,4.0,1.0,22.5
0.0,0.55,0.45,4.0,2.0,27.0
0.0,0.6,0.4,0.25,0.125,1.5
0.0,0.6,0.4,0.5,0.125,2.5
0.0,0.6,0.4,0.5,0.25,3.0
0.0,0.6,0.4,1.0,0.125,4.5
0.0,0.6,0.4,1.0,0.25,5.0
0.0,0.6,0.4,1.0,0.5,6.0
0.0,0.6,0.4,2.0,0.125,8.5
0.0,0.6,0.4,2.0,0.25,9.0
0.0,0.6,0.4,2.0,0.5,10.0
0.0,0.6,0.4,2.0,1.0,12.0
0.0,0.6,0.4,4.0,0.125,16.5
0.0,0.6,0.4,4.0,0.25,17.0
0.0,0.6,0.4,4.0,0.5,18.0
0.0,0.6,0.4,4.0,1.0,20.0
0.0,0.6,0.4,4.0,2.0,24.0
0.0,0.65,0.35,0.25,0.125,1.313
0.0,0.65,0.35,0.5,0.125,2.188
0.0,0.65,0.35,0.5,0.25,2.625
0.0,0.65,0.35,1.0,0.125,3.938
0.0,0.65,0.35,1.0,0.25,4.375
0.0,0.65,0.35,1.0,0.5,5.25
0.0,0.65,0.35,2.0,0.125,7.438
0.0,0.65,0.35,2.0,0.25,7.875
0.0,0.65,0.35,2.0,0.5,8.75
0.0,0.65,0.35,2.0,1.0,10.5
0.0,0.65,0.35,4.0,0.125,14.438
0.0,0.65,0.35,4.0,0.25,14.875
0.0,0.65,0.35,4.0,0.5,15.75
0.0,0.65,0.35,4.0,1.0,17.5
0.0,0.65,0.35,4.0,2.0,21.0
0.0,0.7,0.3,0.25,0.125,1.125
0.0,0.7,0.3,0.5,0.125,1.875
0.0,0.7,0.3,0.5,0.25,2.25
0.0,0.7,0.3,1.0,0.125,3.375
0.0,0.7,0.3,1.0,0.25,3.75
0.0,0.7,0.3,1.0,0.5,4.5
0.0,0.7,0.3,2.0,0.125,6.375
0.0,0.7,0.3,2.0,0.25,6.75
0.0,0.7,0.3,2.0,0.5,7.5
0.0,0.7,0.3,2.0,1.0,9.0
0.0,0.7,0.3,4.0,0.125,12.375
0.0,0.7,0.3,4.0,0.25,12.75
0.0,0.7,0.3,4.0,0.5,13.5
0.0,0.7,0.3,4.0,1.0,15.0
0.0,0.7,0.3,4.0,2.0,18.0
0.0,0.75,0.25,0.25,0.125,0.938
0.0,0.75,0.25,0.5,0.125,1.562
0.0,0.75,0.25,0.5,0.25,1.875
0.0,0.75,0.25,1.0,0.125,2.812
0.0,0.75,0.25,1.0,0.25,3.125
0.0,0.75,0.25,1.0,0.5,3.75
0.0,0.75,0.25,2.0,0.125,5.312
0.0,0.75,0.25,2.0,0.25,5.625
0.0,0.75,0.25,2.0,0.5,6.25
0.0,0.75,0.25,2.0,1.0,7.5
0.0,0.75,0.25,4.0,0.125,10.312
0.0,0.75,0.25,4.0,0.25,10.625
0.0,0.75,0.25,4.0,0.5,11.25
0.0,0.75,0.25,4.0,1.0,12.5
0.0,0.75,0.25,4.0,2.0,15.0
0.0,0.8,0.2,0.25,0.125,0.75
0.0,0.8,0.2,0.5,0.125,1.25
0.0,0.8,0.2,0.5,0.25,1.5
0.0,0.8,0.2,1.0,0.125,2.25
0.0,0.8,0.2,1.0,0.25,2.5
0.0,0.8,0.2,1.0,0.5,3.0
0.0,0.8,0.2,2.0,0.125,4.25
0.0,0.8,0.2,2.0,0.25,4.5
0.0,0.8,0.2,2.0,0.5,5.0
0.0,0.8,0.2,2.0,1.0,6.0
0.0,0.8,0.2,4.0,0.125,8.25
0.0,0.8,0.2,4.0,0.25,8.5
0.0,0.8,0.2,4.0,0.5,9.0
0.0,0.8,0.2,4.0,1.0,10.0
0.0,0.8,0.2,4.0,2.0,12.0
0.0,0.85,0.15,0.25,0.125,0.563
0.0,0.85,0.15,0.5,0.125,0.938
0.0,0.85,0.15,0.5,0.25,1.125
0.0,0.85,0.15,1.0,0.125,1.688
0.0,0.85,0.15,1.0,0.25,1.875
0.0,0.85,0.15,1.0,0.5,2.25
0.0,0.85,0.15,2.0,0.125,3.188
0.0,0.85,0.15,2.0,0.25,3.375
0.0,0.85,0.15,2.0,0.5,3.75
0.0,0.85,0.15,2.0,1.0,4.5
0.0,0.85,0.15,4.0,0.125,6.188
0.0,0.85,0.15,4.0,0.25,6.375
0.0,0.85,0.15,4.0,0.5,6.75
0.0,0.85,0.15,4.0,1.0,7.5
0.0,0.85,0.15,4.0,2.0,9.0
0.0,0.9,0.1,0.25,0.125,0.375
0.0,0.9,0.1,0.5,0.125,0.625
0.0,0.9,0.1,0.5,0.25,0.75
0.0,0.9,0.1,1.0,0.125,1.125
0.0,0.9,0.1,1.0,0.25,1.25
0.0,0.9,0.1,1.0,0.5,1.5
0.0,0.9,0.1,2.0,0.125,2.125
0.0,0.9,0.1,2.0,0.25,2.25
0.0,0.9,0.1,2.0,0.5,2.5
0.0,0.9,0.1,2.0,1.0,3.0
0.0,0.9,0.1,4.0,0.125,4.125
0.0,0.9,0.1,4.0,0.25,4.25
0.0,0.9,0.1,4.0,0.5,4.5
0.0,0.9,0.1,4.0,1.0,5.0
0.0,0.9,0.1,4.0,2.0,6.0
0.0,0.95,0.05,0.25,0.125,0.188
0.0,0.95,0.05,0.5,0.125,0.313
0.0,0.95,0.05,0.5,0.25,0.375
0.0,0.95,0.05,1.0,0.125,0.563
0.0,0.95,0.05,1.0,0.25,0.625
0.0,0.95,0.05,1.0,0.5,0.75
0.0,0.95,0.05,2.0,0.125,1.063
0.0,0.95,0.05,2.0,0.25,1.125
0.0,0.95,0.05,2.0,0.5,1.25
0.0,0.95,0.05,2.0,1.0,1.5
0.0,0.95,0.05,4.0,0.125,2.063
0.0,0.95,0.05,4.0,0.25,2.125
0.0,0.95,0.05,4.0,0.5,2.25
0.0,0.95,0.05,4.0,1.0,2.5
0.0,0.95,0.05,4.0,2.0,3.0
0.0,1.0,0.0,0.25,0.125,0.0
0.0,1.0,0.0,0.5,0.125,0.0
0.0,1.0,0.0,0.5,0.25,0.0
0.0,1.0,0.0,1.0,0.125,0.0
0.0,1.0,0.0,1.0,0.25,0.0
0.0,1.0,0.0,1.0,0.5,0.0
0.0,1.0,0.0,2.0,0.125,0.0
0.0,1.0,0.0,2.0,0.25,0.0
0.0,1.0,0.0,2.0,0.5,0.0
0.0,1.0,0.0,2.0,1.0,0.0
0.0,1.0,0.0,4.0,0.125,0.0
0.0,1.0,0.0,4.0,0.25,0.0
0.0,1.0,0.0,4.0,0.5,0.0
0.0,1.0,0.0,4.0,1.0,0.0
0.0,1.0,0.0,4.0,2.0,0.0
0.05,0.0,0.95,0.25,0.125,
0.05,0.0,0.95,0.5,0.125,
0.05,0.0,0.95,0.5,0.25,
0.05,0.0,0.95,1.0,0.125,
0.05,0.0,0.95,1.0,0.25,
0.05,0.0,0.95,1.0,0.5,
0.05,0.0,0.95,2.0,0.125,
0.05,0.0,0.95,2.0,0.25,
0.05,0.0,0.95,2.0,0.5,
0.05,0.0,0.95,2.0,1.0,
0.05,0.0,0.95,4.0,0.125,
0.05,0.0,0.95,4.0,0.25,
0.05,0.0,0.95,4.0,0.5,
0.05,0.0,0.95,4.0,1.0,
0.05,0.0,0.95,4.0,2.0,
0.05,0.05,0.9,0.25,0.125,3.375
0.05,0.05,0.9,0.5,0.125,5.625
0.05,0.05,0.9,0.5,0.25,6.75
0.05,0.05,0.9,1.0,0.125,10.125
0.05,0.05,0.9,1.0,0.25,11.25
0.05,0.05,0.9,1.0,0.5,13.5
0.05,0.05,0.9,2.0,0.125,19.125
0.05,0.05,0.9,2.0,0.25,20.25
0.05,0.05,0.9,2.0,0.5,22.5
0.05,0.05,0.9,2.0,1.0,27.0
0.05,0.05,0.9,4.0,0.125,37.125
0.05,0.05,0.9,4.0,0.25,38.25
0.05,0.05,0.9,4.0,0.5,40.5
0.05,0.05,0.9,4.0,1.0,45.0
0.05,0.05,0.9,4.0,2.0,54.0
0.05,0.1,0.85,0.25,0.125,3.188
0.05,0.1,0.85,0.5,0.125,5.313
0.05,0.1,0.85,0.5,0.25,6.375
0.05,0.1,0.85,1.0,0.125,9.563
0.05,0.1,0.85,1.0,0.25,10.625
0.05,0.1,0.85,1.0,0.5,12.75
0.05,0.1,0.85,2.0,0.125,18.063
0.05,0.1,0.85,2.0,0.25,19.125
0.05,0.1,0.85,2.0,0.5,21.25
0.05,0.1,0.85,2.0,1.0,25.5
0.05,0.1,0.85,4.0,0.125,35.063
0.05,0.1,0.85,4.0,0.25,36.125
0.05,0.1,0.85,4.0,0.5,38.25
0.05,0.1,0.85,4.0,1.0,42.5
0.05,0.1,0.85,4.0,2.0,51.0
0.05,0.15,0.8,0.25,0.125,3.0
0.05,0.15,0.8,0.5,0.125,5.0
0.05,0.15,0.8,0.5,0.25,6.0
0.05,0.15,0.8,1.0,0.125,9.0
0.05,0.15,0.8,1.0,0.25,10.0
0.05,0.15,0.8,1.0,0.5,12.0
0.05,0.15,0.8,2.0,0.125,17.0
0.05,0.15,0.8,2.0,0.25,18.0
0.05,0.15,0.8,2.0,0.5,20.0
0.05,0.15,0.8,2.0,1.0,24.0
0.05,0.15,0.8,4.0,0.125,33.0
0.05,0.15,0.8,4.0,0.25,34.0
0.05,0.15,0.8,4.0,0.5,36.0
0.05,0.15,0.8,4.0,1.0,40.0
0.05,0.15,0.8,4.0,2.0,48.0
0.05,0.2,0.75,0.25,0.125,2.813
0.05,0.2,0.75,0.5,0.125,4.688
0.05,0.2,0.75,0.5,0.25,5.625
0.05,0.2,0.75,1.0,0.125,8.438
0.05,0.2,0.75,1.0,0.25,9.375
0.05,0.2,0.75,1.0,0.5,11.25
0.05,0.2,0.75,2.0,0.125,15.938
0.05,0.2,0.75,2.0,0.25,16.875
0.05,0.2,0.75,2.0,0.5,18.75
0.05,0.2,0.75,2.0,1.0,22.5
0.05,0.2,0.75,4.0,0.125,30.938
0.05,0.2,0.75,4.0,0.25,31.875
0.05,0.2,0.75,4.0,0.5,33.75
0.05,0.2,0.75,4.0,1.0,37.5
0.05,0.2,0.75,4.0,2.0,45.0
0.05,0.25,0.7,0.25,0.125,2.625
0.05,0.25,0.7,0.5,0.125,4.375
0.05,0.25,0.7,0.5,0.25,5.25
0.05,0.25,0.7,1.0,0.125,7.875
0.05,0.25,0.7,1.0,0.25,8.75
0.05,0.25,0.7,1.0,0.5,10.5
0.05,0.25,0.7,2.0,0.125,14.875
0.05,0.25,0.7,2.0,0.25,15.75
0.05,0.25,0.7,2.0,0.5,17.5
0.05,0.25,0.7,2.0,1.0,21.0
0.05,0.25,0.7,4.0,0.125,28.875
0.05,0.25,0.7,4.0,0.25,29.75
0.05,0.25,0.7,4.0,0.5,31.5
0.05,0.25,0.7,4.0,1.0,35.0
0.05,0.25,0.7,4.0,2.0,42.0
0.05,0.3,0.65,0.25,0.125,2.438
0.05,0.3,0.65,0.5,0.125,4.063
0.05,0.3,0.65,0.5,0.25,4.875
0.05,0.3,0.65,1.0,0.125,7.313
0.05,0.3,0.65,1.0,0.25,8.125
0.05,0.3,0.65,1.0,0.5,9.75
0.05,0.3,0.65,2.0,0.125,13.812
0.05,0.3,0.65,2.0,0.25,14.625
0.05,0.3,0.65,2.0,0.5,16.25
0.05,0.3,0.65,2.0,1.0,19.5
0.05,0.3,0.65,4.0,0.125,26.813
0.05,0.3,0.65,4.0,0.25,27.625
0.05,0.3,0.65,4.0,0.5,29.25
0.05,0.3,0.65,4.0,1.0,32.5
0.05,0.3,0.65,4.0,2.0,39.0
0.05,0.35,0.6,0.25,0.125,2.25
0.05,0.35,0.6,0.5,0.125,3.75
0.05,0.35,0.6,0.5,0.25,4.5
0.05,0.35,0.6,1.0,0.125,6.75
0.05,0.35,0.6,1.0,0.25,7.5
0.05,0.35,0.6,1.0,0.5,9.0
0.05,0.35,0.6,2.0,0.125,12.75
0.05,0.35,0.6,2.0,0.25,13.5
0.05,0.35,0.6,2.0,0.5,15.0
0.05,0.35,0.6,2.0,1.0,18.0
0.05,0.35,0.6,4.0,0.125,24.75
0.05,0.35,0.6,4.0,0.25,25.5
0.05,0.35,0.6,4.0,0.5,27.0
0.05,0.35,0.6,4.0,1.0,30.0
0.05,0.35,0.6,4.0,2.0,36.0
0.05,0.4,0.55,0.25,0.125,2.063
0.05,0.4,0.55,0.5,0.125,3.438
0.05,0.4,0.55,0.5,0.25,4.125
0.05,0.4,0.55,1.0,0.125,6.188
0.05,0.4,0.55,1.0,0.25,6.875
0.05,0.4,0.55,1.0,0.5,8.25
0.05,0.4,0.55,2.0,0.125,11.688
0.05,0.4,0.55,2.0,0.25,12.375
0.05,0.4,0.55,2.0,0.5,13.75
0.05,0.4,0.55,2.0,1.0,16.5
0.05,0.4,0.55,4.0,0.125,22.688
0.05,0.4,0.55,4.0,0.25,23.375
0.05,0.4,0.55,4.0,0.5,24.75
0.05,0.4,0.55,4.0,1.0,27.5
0.05,0.4,0.55,4.0,2.0,33.0
0.05,0.45,0.5,0.25,0.125,1.875
0.05,0.45,0.5,0.5,0.125,3.125
0.05,0.45,0.5,0.5,0.25,3.75
0.05,0.45,0.5,1.0,0.125,5.625
0.05,0.45,0.5,1.0,0.25,6.25
0.05,0.45,0.5,1.0,0.5,7.5
0.05,0.45,0.5,2.0,0.125,10.625
0.05,0.45,0.5,2.0,0.25,11.25
0.05,0.45,0.5,2.0,0.5,12.5
0.05,0.45,0.5,2.0,1.0,15.0
0.05,0.45,0.5,4.0,0.125,20.625
0.05,0.45,0.5,4.0,0.25,21.25
0.05,0.45,0.5,4.0,0.5,22.5
0.05,0.45,0.5,4.0,1.0,25.0
0.05,0.45,0.5,4.0,2.0,30.0
0.05,0.5,0.45,0.25,0.125,1.688
0.05,0.5,0.45,0.5,0.125,2.813
0.05,0.5,0.45,0.5,0.25,3.375
0.05,0.5,0.45,1.0,0.125,5.062
0.05,0.5,0.45,1.0,0.25,5.625
0.05,0.5,0.45,1.0,0.5,6.75
0.05,0.5,0.45,2.0,0.125,9.563
0.05,0.5,0.45,2.0,0.25,10.125
0.05,0.5,0.45,2.0,0.5,11.25
0.05,0.5,0.45,2.0,1.0,13.5
0.05,0.5,0.45,4.0,0.125,18.562
0.05,0.5,0.45,4.0,0.25,19.125
0.05,0.5,0.45,4.0,0.5,20.25
0.05,0.5,0.45,4.0,1.0,22.5
0.05,0.5,0.45,4.0,2.0,27.0
0.05,0.55,0.4,0.25,0.125,1.5
0.05,0.55,0.4,0.5,0.125,2.5
0.05,0.55,0.4,0.5,0.25,3.0
0.05,0.55,0.4,1.0,0.125,4.5
0.05,0.55,0.4,1.0,0.25,5.0
0.05,0.55,0.4,1.0,0.5,6.0
0.05,0.55,0.4,2.0,0.125,8.5
0.05,0.55,0.4,2.0,0.25,9.0
0.05,0.55,0.4,2.0,0.5,10.0
0.05,0.55,0.4,2.0,1.0,12.0
0.05,0.55,0.4,4.0,0.125,16.5
0.05,0.55,0.4,4.0,0.25,17.0
0.05,0.55,0.4,4.0,0.5,18.0
0.05,0.55,0.4,4.0,1.0,20.0
0.05,0.55,0.4,4.0,2.0,24.0
0.05,0.6,0.35,0.25,0.125,1.313
0.05,0.6,0.35,0.5,0.125,2.188
0.05,0.6,0.35,0.5,0.25,2.625
0.05,0.6,0.35,1.0,0.125,3.938
0.05,0.6,0.35,1.0,0.25,4.375
0.05,0.6,0.35,1.0,0.5,5.25
0.05,0.6,0.35,2.0,0.125,7.438
0.05,0.6,0.35,2.0,0.25,7.875
0.05,0.6,0.35,2.0,0.5,8.75
0.05,0.6,0.35,2.0,1.0,10.5
0.05,0.6,0.35,4.0,0.125,14.438
0.05,0.6,0.35,4.0,0.25,14.875
0.05,0.6,0.35,4.0,0.5,15.75
0.05,0.6,0.35,4.0,1.0,17.5
0.05,0.6,0.35,4.0,2.0,21.0
0.05,0.65,0.3,0.25,0.125,1.125
0.05,0.65,0.3,0.5,0.125,1.875
0.05,0.65,0.3,0.5,0.25,2.25
0.05,0.65,0.3,1.0,0.125,3.375
0.05,0.65,0.3,1.0,0.25,3.75
0.05,0.65,0.3,1.0,0.5,4.5
0.05,0.65,0.3,2.0,0.125,6.375
0.05,0.65,0.3,2.0,0.25,6.75
0.05,0.65,0.3,2.0,0.5,7.5
0.05,0.65,0.3,2.0,1.0,9.0
0.05,0.65,0.3,4.0,0.125,12.375
0.05,0.65,0.3,4.0,0.25,12.75
0.05,0.65,0.3,4.0,0.5,13.5
0.05,0.65,0.3,4.0,1.0,15.0
0.05,0.65,0.3,4.0,2.0,18.0
0.05,0.7,0.25,0.25,0.125,0.938
0.05,0.7,0.25,0.5,0.125,1.563
0.05,0.7,0.25,0.5,0.25,1.875
0.05,0.7,0.25,1.0,0.125,2.813
0.05,0.7,0.25,1.0,0.25,3.125
0.05,0.7,0.25,1.0,0.5,3.75
0.05,0.7,0.25,2.0,0.125,5.313
0.05,0.7,0.25,2.0,0.25,5.625
0.05,0.7,0.25,2.0,0.5,6.25
0.05,0.7,0.25,2.0,1.0,7.5
0.05,0.7,0.25,4.0,0.125,10.312
0.05,0.7,0.25,4.0,0.25,10.625
0.05,0.7,0.25,4.0,0.5,11.25
0.05,0.7,0.25,4.0,1.0,12.5
0.05,0.7,0.25,4.0,2.0,15.0
0.05,0.75,0.2,0.25,0.125,0.75
0.05,0.75,0.2,0.5,0.125,1.25
0.05,0.75,0.2,0.5,0.25,1.5
0.05,0.75,0.2,1.0,0.125,2.25
0.05,0.75,0.2,1.0,0.25,2.5
0.05,0.75,0.2,1.0,0.5,3.0
0.05,0.75,0.2,2.0,0.125,4.25
0.05,0.75,0.2,2.0,0.25,4.5
0.05,0.75,0.2,2.0,0.5,5.0
0.05,0.75,0.2,2.0,1.0,6.0
0.05,0.75,0.2,4.0,0.125,8.25
0.05,0.75,0.2,4.0,0.25,8.5
0.05,0.75,0.2,4.0,0.5,9.0
0.05,0.75,0.2,4.0,1.0,10.0
0.05,0.75,0.2,4.0,2.0,12.0
0.05,0.8,0.15,0.25,0.125,0.563
0.05,0.8,0.15,0.5,0.125,0.938
0.05,0.8,0.15,0.5,0.25,1.125
0.05,0.8,0.15,1.0,0.125,1.688
0.05,0.8,0.15,1.0,0.25,1.875
0.05,0.8,0.15,1.0,0.5,2.25
0.05,0.8,0.15,2.0,0.125,3.188
0.05,0.8,0.15,2.0,0.25,3.375
0.05,0.8,0.15,2.0,0.5,3.75
0.05,0.8,0.15,2.0,1.0,4.5
0.05,0.8,0.15,4.0,0.125,6.188
0.05,0.8,0.15,4.0,0.25,6.375
0.05,0.8,0.15,4.0,0.5,6.75
0.05,0.8,0.15,4.0,1.0,7.5
0.05,0.8,0.15,4.0,2.0,9.0
0.05,0.85,0.1,0.25,0.125,0.375
0.05,0.85,0.1,0.5,0.125,0.625
0.05,0.85,0.1,0.5,0.25,0.75
0.05,0.85,0.1,1.0,0.125,1.125
0.05,0.85,0.1,1.0,0.25,1.25
0.05,0.85,0.1,1.0,0.5,1.5
0.05,0.85,0.1,2.0,0.125,2.125
0.05,0.85,0.1,2.0,0.25,2.25
0.05,0.85,0.1,2.0,0.5,2.5
0.05,0.85,0.1,2.0,1.0,3.0
0.05,0.85,0.1,4.0,0.125,4.125
0.05,0.85,0.1,4.0,0.25,4.25
0.05,0.85,0.1,4.0,0.5,4.5
0.05,0.85,0.1,4.0,1.0,5.0
0.05,0.85,0.1,4.0,2.0,6.0
0.05,0.9,0.05,0.25,0.125,0.188
0.05,0.9,0.05,0.5,0.125,0.313
0.05,0.9,0.05,0.5,0.25,0.375
0.05,0.9,0.05,1.0,0.125,0.562
0.05,0.9,0.05,1.0,0.25,0.625
0.05,0.9,0.05,1.0,0.5,0.75
0.05,0.9,0.05,2.0,0.125,1.062
0.05,0.9,0.05,2.0,0.25,1.125
0.05,0.9,0.05,2.0,0.5,1.25
0.05,0.9,0.05,2.0,1.0,1.5
0.05,0.9,0.05,4.0,0.125,2.062
0.05,0.9,0.05,4.0,0.25,2.125
0.05,0.9,0.05,4.0,0.5,2.25
0.05,0.9,0.05,4.0,1.0,2.5
0.05,0.9,0.05,4.0,2.0,3.0
0.05,0.95,0.0,0.25,0.125,0.0
0.05,0.95,0.0,0.5,0.125,0.0
0.05,0.95,0.0,0.5,0.25,0.0
0.05,0.95,0.0,1.0,0.125,0.0
0.05,0.95,0.0,1.0,0.25,0.0
0.05,0.95,0.0,1.0,0.5,0.0
0.05,0.95,0.0,2.0,0.125,0.0
0.05,0.95,0.0,2.0,0.25,0.0
0.05,0.95,0.0,2.0,0.5,0.0
0.05,0.95,0.0,2.0,1.0,0.0
0.05,0.95,0.0,4.0,0.125,0.0
0.05,0.95,0.0,4.0,0.25,0.0
0.05,0.95,0.0,4.0,0.5,0.0
0.05,0.95,0.0,4.0,1.0,0.0
0.05,0.95,0.0,4.0,2.0,0.0
0.1,0.0,0.9,0.25,0.125,
0.1,0.0,0.9,0.5,0.125,
0.1,0.0,0.9,0.5,0.25,
0.1,0.0,0.9,1.0,0.125,
0.1,0.0,0.9,1.0,0.25,
0.1,0.0,0.9,1.0,0.5,
0.1,0.0,0.9,2.0,0.125,
0.1,0.0,0.9,2.0,0.25,
0.1,0.0,0.9,2.0,0.5,
0.1,0.0,0.9,2.0,1.0,
0.1,0.0,0.9,4.0,0.125,
0.1,0.0,0.9,4.0,0.25,
0.1,0.0,0.9,4.0,0.5,
0.1,0.0,0.9,4.0,1.0,
0.1,0.0,0.9,4.0,2.0,
0.1,0.05,0.85,0.25,0.125,3.188
0.1,0.05,0.85,0.5,0.125,5.313
0.1,0.05,0.85,0.5,0.25,6.375
0.1,0.05,0.85,1.0,0.125,9.563
0.1,0.05,0.85,1.0,0.25,10.625
0.1,0.05,0.85,1.0,0.5,12.75
0.1,0.05,0.85,2.0,0.125,18.063
0.1,0.05,0.85,2.0,0.25,19.125
0.1,0.05,0.85,2.0,0.5,21.25
0.1,0.05,0.85,2.0,1.0,25.5
0.1,0.05,0.85,4.0,0.125,35.063
0.1,0.05,0.85,4.0,0.25,36.125
0.1,0.05,0.85,4.0,0.5,38.25
0.1,0.05,0.85,4.0,1.0,42.5
0.1,0.05,0.85,4.0,2.0,51.0
0.1,0.1,0.8,0.25,0.125,3.0
0.1,0.1,0.8,0.5,0.125,5.0
0.1,0.1,0.8,0.5,0.25,6.0
0.1,0.1,0.8,1.0,0.125,9.0
0.1,0.1,0.8,1.0,0.25,10.0
0.1,0.1,0.8,1.0,0.5,12.0
0.1,0.1,0.8,2.0,0.125,17.0
0.1,0.1,0.8,2.0,0.25,18.0
0.1,0.1,0.8,2.0,0.5,20.0
0.1,0.1,0.8,2.0,1.0,24.0
0.1,0.1,0.8,4.0,0.125,33.0
0.1,0.1,0.8,4.0,0.25,34.0
0.1,0.1,0.8,4.0,0.5,36.0
0.1,0.1,0.8,4.0,1.0,40.0
0.1,0.1,0.8,4.0,2.0,48.0
0.1,0.15,0.75,0.25,0.125,2.813
0.1,0.15,0.75,0.5,0.125,4.688
0.1,0.15,0.75,0.5,0.25,5.625
0.1,0.15,0.75,1.0,0.125,8.438
0.1,0.15,0.75,1.0,0.25,9.375
0.1,0.15,0.75,1.0,0.5,11.25
0.1,0.15,0.75,2.0,0.125,15.938
0.1,0.15,0.75,2.0,0.25,16.875
0.1,0.15,0.75,2.0,0.5,18.75
0.1,0.15,0.75,2.0,1.0,22.5
0.1,0.15,0.75,4.0,0.125,30.938
0.1,0.15,0.75,4.0,0.25,31.875
0.1,0.15,0.75,4.0,0.5,33.75
0.1,0.15,0.75,4.0,1.0,37.5
0.1,0.15,0.75,4.0,2.0,45.0
0.1,0.2,0.7,0.25,0.125,2.625
0.1,0.2,0.7,0.5,0.125,4.375
0.1,0.2,0.7,0.5,0.25,5.25
0.1,0.2,0.7,1.0,0.125,7.875
0.1,0.2,0.7,1.0,0.25,8.75
0.1,0.2,0.7,1.0,0.5,10.5
0.1,0.2,0.7,2.0,0.125,14.875
0.1,0.2,0.7,2.0,0.25,15.75
0.1,0.2,0.7,2.0,0.5,17.5
0.1,0.2,0.7,2.0,1.0,21.0
0.1,0.2,0.7,4.0,0.125,28.875
0.1,0.2,0.7,4.0,0.25,29.75
0.1,0.2,0.7,4.0,0.5,31.5
0.1,0.2,0.7,4.0,1.0,35.0
0.1,0.2,0.7,4.0,2.0,42.0
0.1,0.25,0.65,0.25,0.125,2.438
0.1,0.25,0.65,0.5,0.125,4.062
0.1,0.25,0.65,0.5,0.25,4.875
0.1,0.25,0.65,1.0,0.125,7.312
0.1,0.25,0.65,1.0,0.25,8.125
0.1,0.25,0.65,1.0,0.5,9.75
0.1,0.25,0.65,2.0,0.125,13.813
0.1,0.25,0.65,2.0,0.25,14.625
0.1,0.25,0.65,2.0,0.5,16.25
0.1,0.25,0.65,2.0,1.0,19.5
0.1,0.25,0.65,4.0,0.125,26.812
0.1,0.25,0.65,4.0,0.25,27.625
0.1,0.25,0.65,4.0,0.5,29.25
0.1,0.25,0.65,4.0,1.0,32.5
0.1,0.25,0.65,4.0,2.0,39.0
0.1,0.3,0.6,0.25,0.125,2.25
0.1,0.3,0.6,0.5,0.125,3.75
0.1,0.3,0.6,0.5,0.25,4.5
0.1,0.3,0.6,1.0,0.125,6.75
0.1,0.3,0.6,1.0,0.25,7.5
0.1,0.3,0.6,1.0,0.5,9.0
0.1,0.3,0.6,2.0,0.125,12.75
0.1,0.3,0.6,2.0,0.25,13.5
0.1,0.3,0.6,2.0,0.5,15.0
0.1,0.3,0.6,2.0,1.0,18.0
0.1,0.3,0.6,4.0,0.125,24.75
0.1,0.3,0.6,4.0,0.25,25.5
0.1,0.3,0.6,4.0,0.5,27.0
0.1,0.3,0.6,4.0,1.0,30.0
0.1,0.3,0.6,4.0,2.0,36.0
0.1,0.35,0.55,0.25,0.125,2.063
0.1,0.35,0.55,0.5,0.125,3.438
0.1,0.35,0.55,0.5,0.25,4.125
0.1,0.35,0.55,1.0,0.125,6.188
0.1,0.35,0.55,1.0,0.25,6.875
0.1,0.35,0.55,1.0,0.5,8.25
0.1,0.35,0.55,2.0,0.125,11.688
0.1,0.35,0.55,2.0,0.25,12.375
0.1,0.35,0.55,2.0,0.5,13.75
0.1,0.35,0.55,2.0,1.0,16.5
0.1,0.35,0.55,4.0,0.125,22.688
0.1,0.35,0.55,4.0,0.25,23.375
0.1,0.35,0.55,4.0,0.5,24.75
0.1,0.35,0.55,4.0,1.0,27.5
0.1,0.35,0.55,4.0,2.0,33.0
0.1,0.4,0.5,0.25,0.125,1.875
0.1,0.4,0.5,0.5,0.125,3.125
0.1,0.4,0.5,0.5,0.25,3.75
0.1,0.4,0.5,1.0,0.125,5.625
0.1,0.4,0.5,1.0,0.25,6.25
0.1,0.4,0.5,1.0,0.5,7.5
0.1,0.4,0.5,2.0,0.125,10.625
0.1,0.4,0.5,2.0,0.25,11.25
0.1,0.4,0.5,2.0,0.5,12.5
0.1,0.4,0.5,2.0,1.0,15.0
0.1,0.4,0.5,4.0,0.125,20.625
0.1,0.4,0.5,4.0,0.25,21.25
0.1,0.4,0.5,4.0,0.5,22.5
0.1,0.4,0.5,4.0,1.0,25.0
0.1,0.4,0.5,4.0,2.0,30.0
0.1,0.45,0.45,0.25,0.125,1.688
0.1,0.45,0.45,0.5,0.125,2.813
0.1,0.45,0.45,0.5,0.25,3.375
0.1,0.45,0.45,1.0,0.125,5.062
0.1,0.45,0.45,1.0,0.25,5.625
0.1,0.45,0.45,1.0,0.5,6.75
0.1,0.45,0.45,2.0,0.125,9.562
0.1,0.45,0.45,2.0,0.25,10.125
0.1,0.45,0.45,2.0,0.5,11.25
0.1,0.45,0.45,2.0,1.0,13.5
0.1,0.45,0.45,4.0,0.125,18.562
0.1,0.45,0.45,4.0,0.25,19.125
0.1,0.45,0.45,4.0,0.5,20.25
0.1,0.45,0.45,4.0,1.0,22.5
0.1,0.45,0.45,4.0,2.0,27.0
0.1,0.5,0.4,0.25,0.125,1.5
0.1,0.5,0.4,0.5,0.125,2.5
0.1,0.5,0.4,0.5,0.25,3.0
0.1,0.5,0.4,1.0,0.125,4.5
0.1,0.5,0.4,1.0,0.25,5.0
0.1,0.5,0.4,1.0,0.5,6.0
0.1,0.5,0.4,2.0,0.125,8.5
0.1,0.5,0.4,2.0,0.25,9.0
0.1,0.5,0.4,2.0,0.5,10.0
0.1,0.5,0.4,2.0,1.0,12.0
0.1,0.5,0.4,4.0,0.125,16.5
0.1,0.5,0.4,4.0,0.25,17.0
0.1,0.5,0.4,4.0,0.5,18.0
0.1,0.5,0.4,4.0,1.0,20.0
0.1,0.5,0.4,4.0,2.0,24.0
0.1,0.55,0.35,0.25,0.125,1.313
0.1,0.55,0.35,0.5,0.125,2.188
0.1,0.55,0.35,0.5,0.25,2.625
0.1,0.55,0.35,1.0,0.125,3.938
0.1,0.55,0.35,1.0,0.25,4.375
0.1,0.55,0.35,1.0,0.5,5.25
0.1,0.55,0.35,2.0,0.125,7.438
0.1,0.55,0.35,2.0,0.25,7.875
0.1,0.55,0.35,2.0,0.5,8.75
0.1,0.55,0.35,2.0,1.0,10.5
0.1,0.55,0.35,4.0,0.125,14.438
0.1,0.55,0.35,4.0,0.25,14.875
0.1,0.55,0.35,4.0,0.5,15.75
0.1,0.55,0.35,4.0,1.0,17.5
0.1,0.55,0.35,4.0,2.0,21.0
0.1,0.6,0.3,0.25,0.125,1.125
0.1,0.6,0.3,0.5,0.125,1.875
0.1,0.6,0.3,0.5,0.25,2.25
0.1,0.6,0.3,1.0,0.125,3.375
0.1,0.6,0.3,1.0,0.25,3.75
0.1,0.6,0.3,1.0,0.5,4.5
0.1,0.6,0.3,2.0,0.125,6.375
0.1,0.6,0.3,2.0,0.25,6.75
0.1,0.6,0.3,2.0,0.5,7.5
0.1,0.6,0.3,2.0,1.0,9.0
0.1,0.6,0.3,4.0,0.125,12.375
0.1,0.6,0.3,4.0,0.25,12.75
0.1,0.6,0.3,4.0,0.5,13.5
0.1,0.6,0.3,4.0,1.0,15.0
0.1,0.6,0.3,4.0,2.0,18.0
0.1,0.65,0.25,0.25,0.125,0.938
0.1,0.65,0.25,0.5,0.125,1.562
0.1,0.65,0.25,0.5,0.25,1.875
0.1,0.65,0.25,1.0,0.125,2.812
0.1,0.65,0.25,1.0,0.25,3.125
0.1,0.65,0.25,1.0,0.5,3.75
0.1,0.65,0.25,2.0,0.125,5.313
0.1,0.65,0.25,2.0,0.25,5.625
0.1,0.65,0.25,2.0,0.5,6.25
0.1,0.65,0.25,2.0,1.0,7.5
0.1,0.65,0.25,4.0,0.125,10.312
0.1,0.65,0.25,4.0,0.25,10.625
0.1,0.65,0.25,4.0,0.5,11.25
0.1,0.65,0.25,4.0,1.0,12.5
0.1,0.65,0.25,4.0,2.0,15.0
0.1,0.7,0.2,0.25,0.125,0.75
0.1,0.7,0.2,0.5,0.125,1.25
0.1,0.7,0.2,0.5,0.25,1.5
0.1,0.7,0.2,1.0,0.125,2.25
0.1,0.7,0.2,1.0,0.25,2.5
0.1,0.7,0.2,1.0,0.5,3.0
0.1,0.7,0.2,2.0,0.125,4.25
0.1,0.7,0.2,2.0,0.25,4.5
0.1,0.7,0.2,2.0,0.5,5.0
0.1,0.7,0.2,2.0,1.0,6.0
0.1,0.7,0.2,4.0,0.125,8.25
0.1,0.7,0.2,4.0,0.25,8.5
0.1,0.7,0.2,4.0,0.5,9.0
0.1,0.7,0.2,4.0,1.0,10.0
0.1,0.7,0.2,4.0,2.0,12.0
0.1,0.75,0.15,0.25,0.125,0.563
0.1,0.75,0.15,0.5,0.125,0.938
0.1,0.75,0.15,0.5,0.25,1.125
0.1,0.75,0.15,1.0,0.125,1.688
0.1,0.75,0.15,1.0,0.25,1.875
0.1,0.75,0.15,1.0,0.5,2.25
0.1,0.75,0.15,2.0,0.125,3.188
0.1,0.75,0.15,2.0,0.25,3.375
0.1,0.75,0.15,2.0,0.5,3.75
0.1,0.75,0.15,2.0,1.0,4.5
0.1,0.75,0.15,4.0,0.125,6.188
0.1,0.75,0.15,4.0,0.25,6.375
0.1,0.75,0.15,4.0,0.5,6.75
0.1,0.75,0.15,4.0,1.0,7.5
0.1,0.75,0.15,4.0,2.0,9.0
0.1,0.8,0.1,0.25,0.125,0.375
0.1,0.8,0.1,0.5,0.125,0.625
0.1,0.8,0.1,0.5,0.25,0.75
0.1,0.8,0.1,1.0,0.125,1.125
0.1,0.8,0.1,1.0,0.25,1.25
0.1,0.8,0.1,1.0,0.5,1.5
0.1,0.8,0.1,2.0,0.125,2.125
0.1,0.8,0.1,2.0,0.25,2.25
0.1,0.8,0.1,2.0,0.5,2.5
0.1,0.8,0.1,2.0,1.0,3.0
0.1,0.8,0.1,4.0,0.125,4.125
0.1,0.8,0.1,4.0,0.25,4.25
0.1,0.8,0.1,4.0,0.5,4.5
0.1,0.8,0.1,4.0,1.0,5.0
0.1,0.8,0.1,4.0,2.0,6.0
0.1,0.85,0.05,0.25,0.125,0.188
0.1,0.85,0.05,0.5,0.125,0.313
0.1,0.85,0.05,0.5,0.25,0.375
0.1,0.85,0.05,1.0,0.125,0.563
0.1,0.85,0.05,1.0,0.25,0.625
0.1,0.85,0.05,1.0,0.5,0.75
0.1,0.85,0.05,2.0,0.125,1.063
0.1,0.85,0.05,2.0,0.25,1.125
0.1,0.85,0.05,2.0,0.5,1.25
0.1,0.85,0.05,2.0,1.0,1.5
0.1,0.85,0.05,4.0,0.125,2.063
0.1,0.85,0.05,4.0,0.25,2.125
0.1,0.85,0.05,4.0,0.5,2.25
0.1,0.85,0.05,4.0,1.0,2.5
0.1,0.85,0.05,4.0,2.0,3.0
0.1,0.9,0.0,0.25,0.125,0.0
0.1,0.9,0.0,0.5,0.125,0.0
0.1,0.9,0.0,0.5,0.25,0.0
0.1,0.9,0.0,1.0,0.125,0.0
0.1,0.9,0.0,1.0,0.25,0.0
0.1,0.9,0.0,1.0,0.5,0.0
0.1,0.9,0.0,2.0,0.125,0.0
0.1,0.9,0.0,2.0,0.25,0.0
0.1,0.9,0.0,2.0,0.5,0.0
0.1,0.9,0.0,2.0,1.0,0.0
0.1,0.9,0.0,4.0,0.125,0.0
0.1,0.9,0.0,4.0,0.25,0.0
0.1,0.9,0.0,4.0,0.5,0.0
0.1,0.9,0.0,4.0,1.0,0.0
0.1,0.9,0.0,4.0,2.0,0.0
0.15,0.0,0.85,0.25,0.125,
0.15,0.0,0.85,0.5,0.125,
0.15,0.0,0.85,0.5,0.25,
0.15,0.0,0.85,1.0,0.125,
0.15,0.0,0.85,1.0,0.25,
0.15,0.0,0.85,1.0,0.5,
0.15,0.0,0.85,2.0,0.125,
0.15,0.0,0.85,2.0,0.25,
0.15,0.0,0.85,2.0,0.5,
0.15,0.0,0.85,2.0,1.0,
0.15,0.0,0.85,4.0,0.125,
0.15,0.0,0.85,4.0,0.25,
0.15,0.0,0.85,4.0,0.5,
0.15,0.0,0.85,4.0,1.0,
0.15,0.0,0.85,4.0,2.0,
0.15,0.05,0.8,0.25,0.125,3.0
0.15,0.05,0.8,0.5,0.125,5.0
0.15,0.05,0.8,0.5,0.25,6.0
0.15,0.05,0.8,1.0,0.125,9.0
0.15,0.05,0.8,1.0,0.25,10.0
0.15,0.05,0.8,1.0,0.5,12.0
0.15,0.05,0.8,2.0,0.125,17.0
0.15,0.05,0.8,2.0,0.25,18.0
0.15,0.05,0.8,2.0,0.5,20.0
0.15,0.05,0.8,2.0,1.0,24.0
0.15,0.05,0.8,4.0,0.125,33.0
0.15,0.05,0.8,4.0,0.25,34.0
0.15,0.05,0.8,4.0,0.5,36.0
0.15,0.05,0.8,4.0,1.0,40.0
0.15,0.05,0.8,4.0,2.0,48.0
0.15,0.1,0.75,0.25,0.125,2.812
0.15,0.1,0.75,0.5,0.125,4.688
0.15,0.1,0.75,0.5,0.25,5.625
0.15,0.1,0.75,1.0,0.125,8.438
0.15,0.1,0.75,1.0,0.25,9.375
0.15,0.1,0.75,1.0,0.5,11.25
0.15,0.1,0.75,2.0,0.125,15.938
0.15,0.1,0.75,2.0,0.25,16.875
0.15,0.1,0.75,2.0,0.5,18.75
0.15,0.1,0.75,2.0,1.0,22.5
0.15,0.1,0.75,4.0,0.125,30.938
0.15,0.1,0.75,4.0,0.25,31.875
0.15,0.1,0.75,4.0,0.5,33.75
0.15,0.1,0.75,4.0,1.0,37.5
0.15,0.1,0.75,4.0,2.0,45.0
0.15,0.15,0.7,0.25,0.125,2.625
0.15,0.15,0.7,0.5,0.125,4.375
0.15,0.15,0.7,0.5,0.25,5.25
0.15,0.15,0.7,1.0,0.125,7.875
0.15,0.15,0.7,1.0,0.25,8.75
0.15,0.15,0.7,1.0,0.5,10.5
0.15,0.15,0.7,2.0,0.125,14.875
0.15,0.15,0.7,2.0,0.25,15.75
0.15,0.15,0.7,2.0,0.5,17.5
0.15,0.15,0.7,2.0,1.0,21.0
0.15,0.15,0.7,4.0,0.125,28.875
0.15,0.15,0.7,4.0,0.25,29.75
0.15,0.15,0.7,4.0,0.5,31.5
0.15,0.15,0.7,4.0,1.0,35.0
0.15,0.15,0.7,4.0,2.0,42.0
0.15,0.2,0.65,0.25,0.125,2.438
0.15,0.2,0.65,0.5,0.125,4.063
0.15,0.2,0.65,0.5,0.25,4.875
0.15,0.2,0.65,1.0,0.125,7.312
0.15,0.2,0.65,1.0,0.25,8.125
0.15,0.2,0.65,1.0,0.5,9.75
0.15,0.2,0.65,2.0,0.125,13.813
0.15,0.2,0.65,2.0,0.25,14.625
0.15,0.2,0.65,2.0,0.5,16.25
0.15,0.2,0.65,2.0,1.0,19.5
0.15,0.2,0.65,4.0,0.125,26.813
0.15,0.2,0.65,4.0,0.25,27.625
0.15,0.2,0.65,4.0,0.5,29.25
0.15,0.2,0.65,4.0,1.0,32.5
0.15,0.2,0.65,4.0,2.0,39.0
0.15,0.25,0.6,0.25,0.125,2.25
0.15,0.25,0.6,0.5,0.125,3.75
0.15,0.25,0.6,0.5,0.25,4.5
0.15,0.25,0.6,1.0,0.125,6.75
0.15,0.25,0.6,1.0,0.25,7.5
0.15,0.25,0.6,1.0,0.5,9.0
0.15,0.25,0.6,2.0,0.125,12.75
0.15,0.25,0.6,2.0,0.25,13.5
0.15,0.25,0.6,2.0,0.5,15.0
0.15,0.25,0.6,2.0,1.0,18.0
0.15,0.25,0.6,4.0,0.125,24.75
0.15,0.25,0.6,4.0,0.25,25.5
0.15,0.25,0.6,4.0,0.5,27.0
0.15,0.25,0.6,4.0,1.0,30.0
0.15,0.25,0.6,4.0,2.0,36.0
0.15,0.3,0.55,0.25,0.125,2.063
0.15,0.3,0.55,0.5,0.125,3.438
0.15,0.3,0.55,0.5,0.25,4.125
0.15,0.3,0.55,1.0,0.125,6.188
0.15,0.3,0.55,1.0,0.25,6.875
0.15,0.3,0.55,1.0,0.5,8.25
0.15,0.3,0.55,2.0,0.125,11.688
0.15,0.3,0.55,2.0,0.25,12.375
0.15,0.3,0.55,2.0,0.5,13.75
0.15,0.3,0.55,2.0,1.0,16.5
0.15,0.3,0.55,4.0,0.125,22.688
0.15,0.3,0.55,4.0,0.25,23.375
0.15,0.3,0.55,4.0,0.5,24.75
0.15,0.3,0.55,4.0,1.0,27.5
0.15,0.3,0.55,4.0,2.0,33.0
0.15,0.35,0.5,0.25,0.125,1.875
0.15,0.35,0.5,0.5,0.125,3.125
0.15,0.35,0.5,0.5,0.25,3.75
0.15,0.35,0.5,1.0,0.125,5.625
0.15,0.35,0.5,1.0,0.25,6.25
0.15,0.35,0.5,1.0,0.5,7.5
0.15,0.35,0.5,2.0,0.125,10.625
0.15,0.35,0.5,2.0,0.25,11.25
0.15,0.35,0.5,2.0,0.5,12.5
0.15,0.35,0.5,2.0,1.0,15.0
0.15,0.35,0.5,4.0,0.125,20.625
0.15,0.35,0.5,4.0,0.25,21.25
0.15,0.35,0.5,4.0,0.5,22.5
0.15,0.35,0.5,4.0,1.0,25.0
0.15,0.35,0.5,4.0,2.0,30.0
0.15,0.4,0.45,0.25,0.125,1.688
0.15,0.4,0.45,0.5,0.125,2.813
0.15,0.4,0.45,0.5,0.25,3.375
0.15,0.4,0.45,1.0,0.125,5.063
0.15,0.4,0.45,1.0,0.25,5.625
0.15,0.4,0.45,1.0,0.5,6.75
0.15,0.4,0.45,2.0,0.125,9.563
0.15,0.4,0.45,2.0,0.25,10.125
0.15,0.4,0.45,2.0,0.5,11.25
0.15,0.4,0.45,2.0,1.0,13.5
0.15,0.4,0.45,4.0,0.125,18.563
0.15,0.4,0.45,4.0,0.25,19.125
0.15,0.4,0.45,4.0,0.5,20.25
0.15,0.4,0.45,4.0,1.0,22.5
0.15,0.4,0.45,4.0,2.0,27.0
0.15,0.45,0.4,0.25,0.125,1.5
0.15,0.45,0.4,0.5,0.125,2.5
0.15,0.45,0.4,0.5,0.25,3.0
0.15,0.45,0.4,1.0,0.125,4.5
0.15,0.45,0.4,1.0,0.25,5.0
0.15,0.45,0.4,1.0,0.5,6.0
0.15,0.45,0.4,2.0,0.125,8.5
0.15,0.45,0.4,2.0,0.25,9.0
0.15,0.45,0.4,2.0,0.5,10.0
0.15,0.45,0.4,2.0,1.0,12.0
0.15,0.45,0.4,4.0,0.125,16.5
0.15,0.45,0.4,4.0,0.25,17.0
0.15,0.45,0.4,4.0,0.5,18.0
0.15,0.45,0.4,4.0,1.0,20.0
0.15,0.45,0.4,4.0,2.0,24.0
0.15,0.5,0.35,0.25,0.125,1.313
0.15,0.5,0.35,0.5,0.125,2.188
0.15,0.5,0.35,0.5,0.25,2.625
0.15,0.5,0.35,1.0,0.125,3.938
0.15,0.5,0.35,1.0,0.25,4.375
0.15,0.5,0.35,1.0,0.5,5.25
0.15,0.5,0.35,2.0,0.125,7.438
0.15,0.5,0.35,2.0,0.25,7.875
0.15,0.5,0.35,2.0,0.5,8.75
0.15,0.5,0.35,2.0,1.0,10.5
0.15,0.5,0.35,4.0,0.125,14.438
0.15,0.5,0.35,4.0,0.25,14.875
0.15,0.5,0.35,4.0,0.5,15.75
0.15,0.5,0.35,4.0,1.0,17.5
0.15,0.5,0.35,4.0,2.0,21.0
0.15,0.55,0.3,0.25,0.125,1.125
0.15,0.55,0.3,0.5,0.125,1.875
0.15,0.55,0.3,0.5,0.25,2.25
0.15,0.55,0.3,1.0,0.125,3.375
0.15,0.55,0.3,1.0,0.25,3.75
0.15,0.55,0.3,1.0,0.5,4.5
0.15,0.55,0.3,2.0,0.125,6.375
0.15,0.55,0.3,2.0,0.25,6.75
0.15,0.55,0.3,2.0,0.5,7.5
0.15,0.55,0.3,2.0,1.0,9.0
0.15,0.55,0.3,4.0,0.125,12.375
0.15,0.55,0.3,4.0,0.25,12.75
0.15,0.55,0.3,4.0,0.5,13.5
0.15,0.55,0.3,4.0,1.0,15.0
0.15,0.55,0.3,4.0,2.0,18.0
0.15,0.6,0.25,0.25,0.125,0.938
0.15,0.6,0.25,0.5,0.125,1.563
0.15,0.6,0.25,0.5,0.25,1.875
0.15,0.6,0.25,1.0,0.125,2.813
0.15,0.6,0.25,1.0,0.25,3.125
0.15,0.6,0.25,1.0,0.5,3.75
0.15,0.6,0.25,2.0,0.125,5.313
0.15,0.6,0.25,2.0,0.25,5.625
0.15,0.6,0.25,2.0,0.5,6.25
0.15,0.6,0.25,2.0,1.0,7.5
0.15,0.6,0.25,4.0,0.125,10.313
0.15,0.6,0.25,4.0,0.25,10.625
0.15,0.6,0.25,4.0,0.5,11.25
0.15,0.6,0.25,4.0,1.0,12.5
0.15,0.6,0.25,4.0,2.0,15.0
0.15,0.65,0.2,0.25,0.125,0.75
0.15,0.65,0.2,0.5,0.125,1.25
0.15,0.65,0.2,0.5,0.25,1.5
0.15,0.65,0.2,1.0,0.125,2.25
0.15,0.65,0.2,1.0,0.25,2.5
0.15,0.65,0.2,1.0,0.5,3.0
0.15,0.65,0.2,2.0,0.125,4.25
0.15,0.65,0.2,2.0,0.25,4.5
0.15,0.65,0.2,2.0,0.5,5.0
0.15,0.65,0.2,2.0,1.0,6.0
0.15,0.65,0.2,4.0,0.125,8.25
0.15,0.65,0.2,4.0,0.25,8.5
0.15,0.65,0.2,4.0,0.5,9.0
0.15,0.65,0.2,4.0,1.0,10.0
0.15,0.65,0.2,4.0,2.0,12.0
0.15,0.7,0.15,0.25,0.125,0.563
0.15,0.7,0.15,0.5,0.125,0.938
0.15,0.7,0.15,0.5,0.25,1.125
0.15,0.7,0.15,1.0,0.125,1.688
0.15,0.7,0.15,1.0,0.25,1.875
0.15,0.7,0.15,1.0,0.5,2.25
0.15,0.7,0.15,2.0,0.125,3.188
0.15,0.7,0.15,2.0,0.25,3.375
0.15,0.7,0.15,2.0,0.5,3.75
0.15,0.7,0.15,2.0,1.0,4.5
0.15,0.7,0.15,4.0,0.125,6.188
0.15,0.7,0.15,4.0,0.25,6.375
0.15,0.7,0.15,4.0,0.5,6.75
0.15,0.7,0.15,4.0,1.0,7.5
0.15,0.7,0.15,4.0,2.0,9.0
0.15,0.75,0.1,0.25,0.125,0.375
0.15,0.75,0.1,0.5,0.125,0.625
0.15,0.75,0.1,0.5,0.25,0.75
0.15,0.75,0.1,1.0,0.125,1.125
0.15,0.75,0.1,1.0,0.25,1.25
0.15,0.75,0.1,1.0,0.5,1.5
0.15,0.75,0.1,2.0,0.125,2.125
0.15,0.75,0.1,2.0,0.25,2.25
0.15,0.75,0.1,2.0,0.5,2.5
0.15,0.75,0.1,2.0,1.0,3.0
0.15,0.75,0.1,4.0,0.125,4.125
0.15,0.75,0.1,4.0,0.25,4.25
0.15,0.75,0.1,4.0,0.5,4.5
0.15,0.75,0.1,4.0,1.0,5.0
0.15,0.75,0.1,4.0,2.0,6.0
0.15,0.8,0.05,0.25,0.125,0.188
0.15,0.8,0.05,0.5,0.125,0.313
0.15,0.8,0.05,0.5,0.25,0.375
0.15,0.8,0.05,1.0,0.125,0.563
0.15,0.8,0.05,1.0,0.25,0.625
0.15,0.8,0.05,1.0,0.5,0.75
0.15,0.8,0.05,2.0,0.125,1.063
0.15,0.8,0.05,2.0,0.25,1.125
0.15,0.8,0.05,2.0,0.5,1.25
0.15,0.8,0.05,2.0,1.0,1.5
0.15,0.8,0.05,4.0,0.125,2.063
0.15,0.8,0.05,4.0,0.25,2.125
0.15,0.8,0.05,4.0,0.5,2.25
0.15,0.8,0.05,4.0,1.0,2.5
0.15,0.8,0.05,4.0,2.0,3.0
0.15,0.85,0.0,0.25,0.125,0.0
0.15,0.85,0.0,0.5,0.125,0.0
0.15,0.85,0.0,0.5,0.25,0.0
0.15,0.85,0.0,1.0,0.125,0.0
0.15,0.85,0.0,1.0,0.25,0.0
0.15,0.85,0.0,1.0,0.5,0.0
0.15,0.85,0.0,2.0,0.125,0.0
0.15,0.85,0.0,2.0,0.25,0.0
0.15,0.85,0.0,2.0,0.5,0.0
0.15,0.85,0.0,2.0,1.0,0.0
0.15,0.85,0.0,4.0,0.125,0.0
0.15,0.85,0.0,4.0,0.25,0.0
0.15,0.85,0.0,4.0,0.5,0.0
0.15,0.85,0.0,4.0,1.0,0.0
0.15,0.85,0.0,4.0,2.0,0.0
0.2,0.0,0.8,0.25,0.125,
0.2,0.0,0.8,0.5,0.125,
0.2,0.0,0.8,0.5,0.25,
0.2,0.0,0.8,1.0,0.125,
0.2,0.0,0.8,1.0,0.25,
0.2,0.0,0.8,1.0,0.5,
0.2,0.0,0.8,2.0,0.125,
0.2,0.0,0.8,2.0,0.25,
0.2,0.0,0.8,2.0,0.5,
0.2,0.0,0.8,2.0,1.0,
0.2,0.0,0.8,4.0,0.125,
0.2,0.0,0.8,4.0,0.25,
0.2,0.0,0.8,4.0,0.5,
0.2,0.0,0.8,4.0,1.0,
0.2,0.0,0.8,4.0,2.0,
0.2,0.05,0.75,0.25,0.125,2.812
0.2,0.05,0.75,0.5,0.125,4.688
0.2,0.05,0.75,0.5,0.25,5.625
0.2,0.05,0.75,1.0,0.125,8.438
0.2,0.05,0.75,1.0,0.25,9.375
0.2,0.05,0.75,1.0,0.5,11.25
0.2,0.05,0.75,2.0,0.125,15.938
0.2,0.05,0.75,2.0,0.25,16.875
0.2,0.05,0.75,2.0,0.5,18.75
0.2,0.05,0.75,2.0,1.0,22.5
0.2,0.05,0.75,4.0,0.125,30.938
0.2,0.05,0.75,4.0,0.25,31.875
0.2,0.05,0.75,4.0,0.5,33.75
0.2,0.05,0.75,4.0,1.0,37.5
0.2,0.05,0.75,4.0,2.0,45.0
0.2,0.1,0.7,0.25,0.125,2.625
0.2,0.1,0.7,0.5,0.125,4.375
0.2,0.1,0.7,0.5,0.25,5.25
0.2,0.1,0.7,1.0,0.125,7.875
0.2,0.1,0.7,1.0,0.25,8.75
0.2,0.1,0.7,1.0,0.5,10.5
0.2,0.1,0.7,2.0,0.125,14.875
0.2,0.1,0.7,2.0,0.25,15.75
0.2,0.1,0.7,2.0,0.5,17.5
0.2,0.1,0.7,2.0,1.0,21.0
0.2,0.1,0.7,4.0,0.125,28.875
0.2,0.1,0.7,4.0,0.25,29.75
0.2,0.1,0.7,4.0,0.5,31.5
0.2,0.1,0.7,4.0,1.0,35.0
0.2,0.1,0.7,4.0,2.0,42.0
0.2,0.15,0.65,0.25,0.125,2.438
0.2,0.15,0.65,0.5,0.125,4.062
0.2,0.15,0.65,0.5,0.25,4.875
0.2,0.15,0.65,1.0,0.125,7.312
0.2,0.15,0.65,1.0,0.25,8.125
0.2,0.15,0.65,1.0,0.5,9.75
0.2,0.15,0.65,2.0,0.125,13.812
0.2,0.15,0.65,2.0,0.25,14.625
0.2,0.15,0.65,2.0,0.5,16.25
0.2,0.15,0.65,2.0,1.0,19.5
0.2,0.15,0.65,4.0,0.125,26.813
0.2,0.15,0.65,4.0,0.25,27.625
0.2,0.15,0.65,4.0,0.5,29.25
0.2,0.15,0.65,4.0,1.0,32.5
0.2,0.15,0.65,4.0,2.0,39.0
0.2,0.2,0.6,0.25,0.125,2.25
0.2,0.2,0.6,0.5,0.125,3.75
0.2,0.2,0.6,0.5,0.25,4.5
0.2,0.2,0.6,1.0,0.125,6.75
0.2,0.2,0.6,1.0,0.25,7.5
0.2,0.2,0.6,1.0,0.5,9.0
0.2,0.2,0.6,2.0,0.125,12.75
0.2,0.2,0.6,2.0,0.25,13.5
0.2,0.2,0.6,2.0,0.5,15.0
0.2,0.2,0.6,2.0,1.0,18.0
0.2,0.2,0.6,4.0,0.125,24.75
0.2,0.2,0.6,4.0,0.25,25.5
0.2,0.2,0.6,4.0,0.5,27.0
0.2,0.2,0.6,4.0,1.0,30.0
0.2,0.2,0.6,4.0,2.0,36.0
0.2,0.25,0.55,0.25,0.125,2.063
0.2,0.25,0.55,0.5,0.125,3.438
0.2,0.25,0.55,0.5,0.25,4.125
0.2,0.25,0.55,1.0,0.125,6.188
0.2,0.25,0.55,1.0,0.25,6.875
0.2,0.25,0.55,1.0,0.5,8.25
0.2,0.25,0.55,2.0,0.125,11.688
0.2,0.25,0.55,2.0,0.25,12.375
0.2,0.25,0.55,2.0,0.5,13.75
0.2,0.25,0.55,2.0,1.0,16.5
0.2,0.25,0.55,4.0,0.125,22.688
0.2,0.25,0.55,4.0,0.25,23.375
0.2,0.25,0.55,4.0,0.5,24.75
0.2,0.25,0.55,4.0,1.0,27.5
0.2,0.25,0.55,4.0,2.0,33.0
0.2,0.3,0.5,0.25,0.125,1.875
0.2,0.3,0.5,0.5,0.125,3.125
0.2,0.3,0.5,0.5,0.25,3.75
0.2,0.3,0.5,1.0,0.125,5.625
0.2,0.3,0.5,1.0,0.25,6.25
0.2,0.3,0.5,1.0,0.5,7.5
0.2,0.3,0.5,2.0,0.125,10.625
0.2,0.3,0.5,2.0,0.25,11.25
0.2,0.3,0.5,2.0,0.5,12.5
0.2,0.3,0.5,2.0,1.0,15.0
0.2,0.3,0.5,4.0,0.125,20.625
0.2,0.3,0.5,4.0,0.25,21.25
0.2,0.3,0.5,4.0,0.5,22.5
0.2,0.3,0.5,4.0,1.0,25.0
0.2,0.3,0.5,4.0,2.0,30.0
0.2,0.35,0.45,0.25,0.125,1.688
0.2,0.35,0.45,0.5,0.125,2.812
0.2,0.35,0.45,0.5,0.25,3.375
0.2,0.35,0.45,1.0,0.125,5.063
0.2,0.35,0.45,1.0,0.25,5.625
0.2,0.35,0.45,1.0,0.5,6.75
0.2,0.35,0.45,2.0,0.125,9.562
0.2,0.35,0.45,2.0,0.25,10.125
0.2,0.35,0.45,2.0,0.5,11.25
0.2,0.35,0.45,2.0,1.0,13.5
0.2,0.35,0.45,4.0,0.125,18.562
0.2,0.35,0.45,4.0,0.25,19.125
0.2,0.35,0.45,4.0,0.5,20.25
0.2,0.35,0.45,4.0,1.0,22.5
0.2,0.35,0.45,4.0,2.0,27.0
0.2,0.4,0.4,0.25,0.125,1.5
0.2,0.4,0.4,0.5,0.125,2.5
0.2,0.4,0.4,0.5,0.25,3.0
0.2,0.4,0.4,1.0,0.125,4.5
0.2,0.4,0.4,1.0,0.25,5.0
0.2,0.4,0.4,1.0,0.5,6.0
0.2,0.4,0.4,2.0,0.125,8.5
0.2,0.4,0.4,2.0,0.25,9.0
0.2,0.4,0.4,2.0,0.5,10.0
0.2,0.4,0.4,2.0,1.0,12.0
0.2,0.4,0.4,4.0,0.125,16.5
0.2,0.4,0.4,4.0,0.25,17.0
0.2,0.4,0.4,4.0,0.5,18.0
0.2,0.4,0.4,4.0,1.0,20.0
0.2,0.4,0.4,4.0,2.0,24.0
0.2,0.45,0.35,0.25,0.125,1.313
0.2,0.45,0.35,0.5,0.125,2.188
0.2,0.45,0.35,0.5,0.25,2.625
0.2,0.45,0.35,1.0,0.125,3.938
0.2,0.45,0.35,1.0,0.25,4.375
0.2,0.45,0.35,1.0,0.5,5.25
0.2,0.45,0.35,2.0,0.125,7.438
0.2,0.45,0.35,2.0,0.25,7.875
0.2,0.45,0.35,2.0,0.5,8.75
0.2,0.45,0.35,2.0,1.0,10.5
0.2,0.45,0.35,4.0,0.125,14.438
0.2,0.45,0.35,4.0,0.25,14.875
0.2,0.45,0.35,4.0,0.5,15.75
0.2,0.45,0.35,4.0,1.0,17.5
0.2,0.45,0.35,4.0,2.0,21.0
0.2,0.5,0.3,0.25,0.125,1.125
0.2,0.5,0.3,0.5,0.125,1.875
0.2,0.5,0.3,0.5,0.25,2.25
0.2,0.5,0.3,1.0,0.125,3.375
0.2,0.5,0.3,1.0,0.25,3.75
0.2,0.5,0.3,1.0,0.5,4.5
0.2,0.5,0.3,2.0,0.125,6.375
0.2,0.5,0.3,2.0,0.25,6.75
0.2,0.5,0.3,2.0,0.5,7.5
0.2,0.5,0.3,2.0,1.0,9.0
0.2,0.5,0.3,4.0,0.125,12.375
0.2,0.5,0.3,4.0,0.25,12.75
0.2,0.5,0.3,4.0,0.5,13.5
0.2,0.5,0.3,4.0,1.0,15.0
0.2,0.5,0.3,4.0,2.0,18.0
0.2,0.55,0.25,0.25,0.125,0.938
0.2,0.55,0.25,0.5,0.125,1.563
0.2,0.55,0.25,0.5,0.25,1.875
0.2,0.55,0.25,1.0,0.125,2.813
0.2,0.55,0.25,1.0,0.25,3.125
0.2,0.55,0.25,1.0,0.5,3.75
0.2,0.55,0.25,2.0,0.125,5.313
0.2,0.55,0.25,2.0,0.25,5.625
0.2,0.55,0.25,2.0,0.5,6.25
0.2,0.55,0.25,2.0,1.0,7.5
0.2,0.55,0.25,4.0,0.125,10.312
0.2,0.55,0.25,4.0,0.25,10.625
0.2,0.55,0.25,4.0,0.5,11.25
0.2,0.55,0.25,4.0,1.0,12.5
0.2,0.55,0.25,4.0,2.0,15.0
0.2,0.6,0.2,0.25,0.125,0.75
0.2,0.6,0.2,0.5,0.125,1.25
0.2,0.6,0.2,0.5,0.25,1.5
0.2,0.6,0.2,1.0,0.125,2.25
0.2,0.6,0.2,1.0,0.25,2.5
0.2,0.6,0.2,1.0,0.5,3.0
0.2,0.6,0.2,2.0,0.125,4.25
0.2,0.6,0.2,2.0,0.25,4.5
0.2,0.6,0.2,2.0,0.5,5.0
0.2,0.6,0.2,2.0,1.0,6.0
0.2,0.6,0.2,4.0,0.125,8.25
0.2,0.6,0.2,4.0,0.25,8.5
0.2,0.6,0.2,4.0,0.5,9.0
0.2,0.6,0.2,4.0,1.0,10.0
0.2,0.6,0.2,4.0,2.0,12.0
0.2,0.65,0.15,0.25,0.125,0.563
0.2,0.65,0.15,0.5,0.125,0.938
0.2,0.65,0.15,0.5,0.25,1.125
0.2,0.65,0.15,1.0,0.125,1.688
0.2,0.65,0.15,1.0,0.25,1.875
0.2,0.65,0.15,1.0,0.5,2.25
0.2,0.65,0.15,2.0,0.125,3.188
0.2,0.65,0.15,2.0,0.25,3.375
0.2,0.65,0.15,2.0,0.5,3.75
0.2,0.65,0.15,2.0,1.0,4.5
0.2,0.65,0.15,4.0,0.125,6.188
0.2,0.65,0.15,4.0,0.25,6.375
0.2,0.65,0.15,4.0,0.5,6.75
0.2,0.65,0.15,4.0,1.0,7.5
0.2,0.65,0.15,4.0,2.0,9.0
0.2,0.7,0.1,0.25,0.125,0.375
0.2,0.7,0.1,0.5,0.125,0.625
0.2,0.7,0.1,0.5,0.25,0.75
0.2,0.7,0.1,1.0,0.125,1.125
0.2,0.7,0.1,1.0,0.25,1.25
0.2,0.7,0.1,1.0,0.5,1.5
0.2,0.7,0.1,2.0,0.125,2.125
0.2,0.7,0.1,2.0,0.25,2.25
0.2,0.7,0.1,2.0,0.5,2.5
0.2,0.7,0.1,2.0,1.0,3.0
0.2,0.7,0.1,4.0,0.125,4.125
0.2,0.7,0.1,4.0,0.25,4.25
0.2,0.7,0.1,4.0,0.5,4.5
0.2,0.7,0.1,4.0,1.0,5.0
0.2,0.7,0.1,4.0,2.0,6.0
0.2,0.75,0.05,0.25,0.125,0.188
0.2,0.75,0.05,0.5,0.125,0.312
0.2,0.75,0.05,0.5,0.25,0.375
0.2,0.75,0.05,1.0,0.125,0.562
0.2,0.75,0.05,1.0,0.25,0.625
0.2,0.75,0.05,1.0,0.5,0.75
0.2,0.75,0.05,2.0,0.125,1.062
0.2,0.75,0.05,2.0,0.25,1.125
0.2,0.75,0.05,2.0,0.5,1.25
0.2,0.75,0.05,2.0,1.0,1.5
0.2,0.75,0.05,4.0,0.125,2.062
0.2,0.75,0.05,4.0,0.25,2.125
0.2,0.75,0.05,4.0,0.5,2.25
0.2,0.75,0.05,4.0,1.0,2.5
0.2,0.75,0.05,4.0,2.0,3.0
0.2,0.8,0.0,0.25,0.125,0.0
0.2,0.8,0.0,0.5,0.125,0.0
0.2,0.8,0.0,0.5,0.25,0.0
0.2,0.8,0.0,1.0,0.125,0.0
0.2,0.8,0.0,1.0,0.25,0.0
0.2,0.8,0.0,1.0,0.5,0.0
0.2,0.8,0.0,2.0,0.125,0.0
0.2,0.8,0.0,2.0,0.25,0.0
0.2,0.8,0.0,2.0,0.5,0.0
0.2,0.8,0.0,2.0,1.0,0.0
0.2,0.8,0.0,4.0,0.125,0.0
0.2,0.8,0.0,4.0,0.25,0.0
0.2,0.8,0.0,4.0,0.5,0.0
0.2,0.8,0.0,4.0,1.0,0.0
0.2,0.8,0.0,4.0,2.0,0.0
0.25,0.0,0.75,0.25,0.125,
0.25,0.0,0.75,0.5,0.125,
0.25,0.0,0.75,0.5,0.25,
0.25,0.0,0.75,1.0,0.125,
0.25,0.0,0.75,1.0,0.25,
0.25,0.0,0.75,1.0,0.5,
0.25,0.0,0.75,2.0,0.125,
0.25,0.0,0.75,2.0,0.25,
0.25,0.0,0.75,2.0,0.5,
0.25,0.0,0.75,2.0,1.0,
0.25,0.0,0.75,4.0,0.125,
0.25,0.0,0.75,4.0,0.25,
0.25,0.0,0.75,4.0,0.5,
0.25,0.0,0.75,4.0,1.0,
0.25,0.0,0.75,4.0,2.0,
0.25,0.05,0.7,0.25,0.125,2.625
0.25,0.05,0.7,0.5,0.125,4.375
0.25,0.05,0.7,0.5,0.25,5.25
0.25,0.05,0.7,1.0,0.125,7.875
0.25,0.05,0.7,1.0,0.25,8.75
0.25,0.05,0.7,1.0,0.5,10.5
0.25,0.05,0.7,2.0,0.125,14.875
0.25,0.05,0.7,2.0,0.25,15.75
0.25,0.05,0.7,2.0,0.5,17.5
0.25,0.05,0.7,2.0,1.0,21.0
0.25,0.05,0.7,4.0,0.125,28.875
0.25,0.05,0.7,4.0,0.25,29.75
0.25,0.05,0.7,4.0,0.5,31.5
0.25,0.05,0.7,4.0,1.0,35.0
0.25,0.05,0.7,4.0,2.0,42.0
0.25,0.1,0.65,0.25,0.125,2.438
0.25,0.1,0.65,0.5,0.125,4.062
0.25,0.1,0.65,0.5,0.25,4.875
0.25,0.1,0.65,1.0,0.125,7.313
0.25,0.1,0.65,1.0,0.25,8.125
0.25,0.1,0.65,1.0,0.5,9.75
0.25,0.1,0.65,2.0,0.125,13.812
0.25,0.1,0.65,2.0,0.25,14.625
0.25,0.1,0.65,2.0,0.5,16.25
0.25,0.1,0.65,2.0,1.0,19.5
0.25,0.1,0.65,4.0,0.125,26.813
0.25,0.1,0.65,4.0,0.25,27.625
0.25,0.1,0.65,4.0,0.5,29.25
0.25,0.1,0.65,4.0,1.0,32.5
0.25,0.1,0.65,4.0,2.0,39.0
0.25,0.15,0.6,0.25,0.125,2.25
0.25,0.15,0.6,0.5,0.125,3.75
0.25,0.15,0.6,0.5,0.25,4.5
0.25,0.15,0.6,1.0,0.125,6.75
0.25,0.15,0.6,1.0,0.25,7.5
0.25,0.15,0.6,1.0,0.5,9.0
0.25,0.15,0.6,2.0,0.125,12.75
0.25,0.15,0.6,2.0,0.25,13.5
0.25,0.15,0.6,2.0,0.5,15.0
0.25,0.15,0.6,2.0,1.0,18.0
0.25,0.15,0.6,4.0,0.125,24.75
0.25,0.15,0.6,4.0,0.25,25.5
0.25,0.15,0.6,4.0,0.5,27.0
0.25,0.15,0.6,4.0,1.0,30.0
0.25,0.15,0.6,4.0,2.0,36.0
0.25,0.2,0.55,0.25,0.125,2.063
0.25,0.2,0.55,0.5,0.125,3.438
0.25,0.2,0.55,0.5,0.25,4.125
0.25,0.2,0.55,1.0,0.125,6.188
0.25,0.2,0.55,1.0,0.25,6.875
0.25,0.2,0.55,1.0,0.5,8.25
0.25,0.2,0.55,2.0,0.125,11.688
0.25,0.2,0.55,2.0,0.25,12.375
0.25,0.2,0.55,2.0,0.5,13.75
0.25,0.2,0.55,2.0,1.0,16.5
0.25,0.2,0.55,4.0,0.125,22.688
0.25,0.2,0.55,4.0,0.25,23.375
0.25,0.2,0.55,4.0,0.5,24.75
0.25,0.2,0.55,4.0,1.0,27.5
0.25,0.2,0.55,4.0,2.0,33.0
0.25,0.25,0.5,0.25,0.125,1.875
0.25,0.25,0.5,0.5,0.125,3.125
0.25,0.25,0.5,0.5,0.25,3.75
0.25,0.25,0.5,1.0,0.125,5.625
0.25,0.25,0.5,1.0,0.25,6.25
0.25,0.25,0.5,1.0,0.5,7.5
0.25,0.25,0.5,2.0,0.125,10.625
0.25,0.25,0.5,2.0,0.25,11.25
0.25,0.25,0.5,2.0,0.5,12.5
0.25,0.25,0.5,2.0,1.0,15.0
0.25,0.25,0.5,4.0,0.125,20.625
0.25,0.25,0.5,4.0,0.25,21.25
0.25,0.25,0.5,4.0,0.5,22.5
0.25,0.25,0.5,4.0,1.0,25.0
0.25,0.25,0.5,4.0,2.0,30.0
0.25,0.3,0.45,0.25,0.125,1.688
0.25,0.3,0.45,0.5,0.125,2.813
0.25,0.3,0.45,0.5,0.25,3.375
0.25,0.3,0.45,1.0,0.125,5.063
0.25,0.3,0.45,1.0,0.25,5.625
0.25,0.3,0.45,1.0,0.5,6.75
0.25,0.3,0.45,2.0,0.125,9.563
0.25,0.3,0.45,2.0,0.25,10.125
0.25,0.3,0.45,2.0,0.5,11.25
0.25,0.3,0.45,2.0,1.0,13.5
0.25,0.3,0.45,4.0,0.125,18.563
0.25,0.3,0.45,4.0,0.25,19.125
0.25,0.3,0.45,4.0,0.5,20.25
0.25,0.3,0.45,4.0,1.0,22.5
0.25,0.3,0.45,4.0,2.0,27.0
0.25,0.35,0.4,0.25,0.125,1.5
0.25,0.35,0.4,0.5,0.125,2.5
0.25,0.35,0.4,0.5,0.25,3.0
0.25,0.35,0.4,1.0,0.125,4.5
0.25,0.35,0.4,1.0,0.25,5.0
0.25,0.35,0.4,1.0,0.5,6.0
0.25,0.35,0.4,2.0,0.125,8.5
0.25,0.35,0.4,2.0,0.25,9.0
0.25,0.35,0.4,2.0,0.5,10.0
0.25,0.35,0.4,2.0,1.0,12.0
0.25,0.35,0.4,4.0,0.125,16.5
0.25,0.35,0.4,4.0,0.25,17.0
0.25,0.35,0.4,4.0,0.5,18.0
0.25,0.35,0.4,4.0,1.0,20.0
0.25,0.35,0.4,4.0,2.0,24.0
0.25,0.4,0.35,0.25,0.125,1.313
0.25,0.4,0.35,0.5,0.125,2.188
0.25,0.4,0.35,0.5,0.25,2.625
0.25,0.4,0.35,1.0,0.125,3.938
0.25,0.4,0.35,1.0,0.25,4.375
0.25,0.4,0.35,1.0,0.5,5.25
0.25,0.4,0.35,2.0,0.125,7.438
0.25,0.4,0.35,2.0,0.25,7.875
0.25,0.4,0.35,2.0,0.5,8.75
0.25,0.4,0.35,2.0,1.0,10.5
0.25,0.4,0.35,4.0,0.125,14.438
0.25,0.4,0.35,4.0,0.25,14.875
0.25,0.4,0.35,4.0,0.5,15.75
0.25,0.4,0.35,4.0,1.0,17.5
0.25,0.4,0.35,4.0,2.0,21.0
0.25,0.45,0.3,0.25,0.125,1.125
0.25,0.45,0.3,0.5,0.125,1.875
0.25,0.45,0.3,0.5,0.25,2.25
0.25,0.45,0.3,1.0,0.125,3.375
0.25,0.45,0.3,1.0,0.25,3.75
0.25,0.45,0.3,1.0,0.5,4.5
0.25,0.45,0.3,2.0,0.125,6.375
0.25,0.45,0.3,2.0,0.25,6.75
0.25,0.45,0.3,2.0,0.5,7.5
0.25,0.45,0.3,2.0,1.0,9.0
0.25,0.45,0.3,4.0,0.125,12.375
0.25,0.45,0.3,4.0,0.25,12.75
0.25,0.45,0.3,4.0,0.5,13.5
0.25,0.45,0.3,4.0,1.0,15.0
0.25,0.45,0.3,4.0,2.0,18.0
0.25,0.5,0.25,0.25,0.125,0.938
0.25,0.5,0.25,0.5,0.125,1.562
0.25,0.5,0.25,0.5,0.25,1.875
0.25,0.5,0.25,1.0,0.125,2.812
0.25,0.5,0.25,1.0,0.25,3.125
0.25,0.5,0.25,1.0,0.5,3.75
0.25,0.5,0.25,2.0,0.125,5.312
0.25,0.5,0.25,2.0,0.25,5.625
0.25,0.5,0.25,2.0,0.5,6.25
0.25,0.5,0.25,2.0,1.0,7.5
0.25,0.5,0.25,4.0,0.125,10.312
0.25,0.5,0.25,4.0,0.25,10.625
0.25,0.5,0.25,4.0,0.5,11.25
0.25,0.5,0.25,4.0,1.0,12.5
0.25,0.5,0.25,4.0,2.0,15.0
0.25,0.55,0.2,0.25,0.125,0.75
0.25,0.55,0.2,0.5,0.125,1.25
0.25,0.55,0.2,0.5,0.25,1.5
0.25,0.55,0.2,1.0,0.125,2.25
0.25,0.55,0.2,1.0,0.25,2.5
0.25,0.55,0.2,1.0,0.5,3.0
0.25,0.55,0.2,2.0,0.125,4.25
0.25,0.55,0.2,2.0,0.25,4.5
0.25,0.55,0.2,2.0,0.5,5.0
0.25,0.55,0.2,2.0,1.0,6.0
0.25,0.55,0.2,4.0,0.125,8.25
0.25,0.55,0.2,4.0,0.25,8.5
0.25,0.55,0.2,4.0,0.5,9.0
0.25,0.55,0.2,4.0,1.0,10.0
0.25,0.55,0.2,4.0,2.0,12.0
0.25,0.6,0.15,0.25,0.125,0.563
0.25,0.6,0.15,0.5,0.125,0.938
0.25,0.6,0.15,0.5,0.25,1.125
0.25,0.6,0.15,1.0,0.125,1.688
0.25,0.6,0.15,1.0,0.25,1.875
0.25,0.6,0.15,1.0,0.5,2.25
0.25,0.6,0.15,2.0,0.125,3.188
0.25,0.6,0.15,2.0,0.25,3.375
0.25,0.6,0.15,2.0,0.5,3.75
0.25,0.6,0.15,2.0,1.0,4.5
0.25,0.6,0.15,4.0,0.125,6.188
0.25,0.6,0.15,4.0,0.25,6.375
0.25,0.6,0.15,4.0,0.5,6.75
0.25,0.6,0.15,4.0,1.0,7.5
0.25,0.6,0.15,4.0,2.0,9.0
0.25,0.65,0.1,0.25,0.125,0.375
0.25,0.65,0.1,0.5,0.125,0.625
0.25,0.65,0.1,0.5,0.25,0.75
0.25,0.65,0.1,1.0,0.125,1.125
0.25,0.65,0.1,1.0,0.25,1.25
0.25,0.65,0.1,1.0,0.5,1.5
0.25,0.65,0.1,2.0,0.125,2.125
0.25,0.65,0.1,2.0,0.25,2.25
0.25,0.65,0.1,2.0,0.5,2.5
0.25,0.65,0.1,2.0,1.0,3.0
0.25,0.65,0.1,4.0,0.125,4.125
0.25,0.65,0.1,4.0,0.25,4.25
0.25,0.65,0.1,4.0,0.5,4.5
0.25,0.65,0.1,4.0,1.0,5.0
0.25,0.65,0.1,4.0,2.0,6.0
0.25,0.7,0.05,0.25,0.125,0.188
0.25,0.7,0.05,0.5,0.125,0.313
0.25,0.7,0.05,0.5,0.25,0.375
0.25,0.7,0.05,1.0,0.125,0.563
0.25,0.7,0.05,1.0,0.25,0.625
0.25,0.7,0.05,1.0,0.5,0.75
0.25,0.7,0.05,2.0,0.125,1.063
0.25,0.7,0.05,2.0,0.25,1.125
0.25,0.7,0.05,2.0,0.5,1.25
0.25,0.7,0.05,2.0,1.0,1.5
0.25,0.7,0.05,4.0,0.125,2.063
0.25,0.7,0.05,4.0,0.25,2.125
0.25,0.7,0.05,4.0,0.5,2.25
0.25,0.7,0.05,4.0,1.0,2.5
0.25,0.7,0.05,4.0,2.0,3.0
0.25,0.75,0.0,0.25,0.125,0.0
0.25,0.75,0.0,0.5,0.125,0.0
0.25,0.75,0.0,0.5,0.25,0.0
0.25,0.75,0.0,1.0,0.125,0.0
0.25,0.75,0.0,1.0,0.25,0.0
0.25,0.75,0.0,1.0,0.5,0.0
0.25,0.75,0.0,2.0,0.125,0.0
0.25,0.75,0.0,2.0,0.25,0.0
0.25,0.75,0.0,2.0,0.5,0.0
0.25,0.75,0.0,2.0,1.0,0.0
0.25,0.75,0.0,4.0,0.125,0.0
0.25,0.75,0.0,4.0,0.25,0.0
0.25,0.75,0.0,4.0,0.5,0.0
0.25,0.75,0.0,4.0,1.0,0.0
0.25,0.75,0.0,4.0,2.0,0.0
0.3,0.0,0.7,0.25,0.125,
0.3,0.0,0.7,0.5,0.125,
0.3,0.0,0.7,0.5,0.25,
0.3,0.0,0.7,1.0,0.125,
0.3,0.0,0.7,1.0,0.25,
0.3,0.0,0.7,1.0,0.5,
0.3,0.0,0.7,2.0,0.125,
0.3,0.0,0.7,2.0,0.25,
0.3,0.0,0.7,2.0,0.5,
0.3,0.0,0.7,2.0,1.0,
0.3,0.0,0.7,4.0,0.125,
0.3,0.0,0.7,4.0,0.25,
0.3,0.0,0.7,4.0,0.5,
0.3,0.0,0.7,4.0,1.0,
0.3,0.0,0.7,4.0,2.0,
0.3,0.05,0.65,0.25,0.125,2.438
0.3,0.05,0.65,0.5,0.125,4.063
0.3,0.05,0.65,0.5,0.25,4.875
0.3,0.05,0.65,1.0,0.125,7.312
0.3,0.05,0.65,1.0,0.25,8.125
0.3,0.05,0.65,1.0,0.5,9.75
0.3,0.05,0.65,2.0,0.125,13.813
0.3,0.05,0.65,2.0,0.25,14.625
0.3,0.05,0.65,2.0,0.5,16.25
0.3,0.05,0.65,2.0,1.0,19.5
0.3,0.05,0.65,4.0,0.125,26.813
0.3,0.05,0.65,4.0,0.25,27.625
0.3,0.05,0.65,4.0,0.5,29.25
0.3,0.05,0.65,4.0,1.0,32.5
0.3,0.05,0.65,4.0,2.0,39.0
0.3,0.1,0.6,0.25,0.125,2.25
0.3,0.1,0.6,0.5,0.125,3.75
0.3,0.1,0.6,0.5,0.25,4.5
0.3,0.1,0.6,1.0,0.125,6.75
0.3,0.1,0.6,1.0,0.25,7.5
0.3,0.1,0.6,1.0,0.5,9.0
0.3,0.1,0.6,2.0,0.125,12.75
0.3,0.1,0.6,2.0,0.25,13.5
0.3,0.1,0.6,2.0,0.5,15.0
0.3,0.1,0.6,2.0,1.0,18.0
0.3,0.1,0.6,4.0,0.125,24.75
0.3,0.1,0.6,4.0,0.25,25.5
0.3,0.1,0.6,4.0,0.5,27.0
0.3,0.1,0.6,4.0,1.0,30.0
0.3,0.1,0.6,4.0,2.0,36.0
0.3,0.15,0.55,0.25,0.125,2.063
0.3,0.15,0.55,0.5,0.125,3.438
0.3,0.15,0.55,0.5,0.25,4.125
0.3,0.15,0.55,1.0,0.125,6.188
0.3,0.15,0.55,1.0,0.25,6.875
0.3,0.15,0.55,1.0,0.5,8.25
0.3,0.15,0.55,2.0,0.125,11.688
0.3,0.15,0.55,2.0,0.25,12.375
0.3,0.15,0.55,2.0,0.5,13.75
0.3,0.15,0.55,2.0,1.0,16.5
0.3,0.15,0.55,4.0,0.125,22.688
0.3,0.15,0.55,4.0,0.25,23.375
0.3,0.15,0.55,4.0,0.5,24.75
0.3,0.15,0.55,4.0,1.0,27.5
0.3,0.15,0.55,4.0,2.0,33.0
0.3,0.2,0.5,0.25,0.125,1.875
0.3,0.2,0.5,0.5,0.125,3.125
0.3,0.2,0.5,0.5,0.25,3.75
0.3,0.2,0.5,1.0,0.125,5.625
0.3,0.2,0.5,1.0,0.25,6.25
0.3,0.2,0.5,1.0,0.5,7.5
0.3,0.2,0.5,2.0,0.125,10.625
0.3,0.2,0.5,2.0,0.25,11.25
0.3,0.2,0.5,2.0,0.5,12.5
0.3,0.2,0.5,2.0,1.0,15.0
0.3,0.2,0.5,4.0,0.125,20.625
0.3,0.2,0.5,4.0,0.25,21.25
0.3,0.2,0.5,4.0,0.5,22.5
0.3,0.2,0.5,4.0,1.0,25.0
0.3,0.2,0.5,4.0,2.0,30.0
0.3,0.25,0.45,0.25,0.125,1.688
0.3,0.25,0.45,0.5,0.125,2.813
0.3,0.25,0.45,0.5,0.25,3.375
0.3,0.25,0.45,1.0,0.125,5.063
0.3,0.25,0.45,1.0,0.25,5.625
0.3,0.25,0.45,1.0,0.5,6.75
0.3,0.25,0.45,2.0,0.125,9.563
0.3,0.25,0.45,2.0,0.25,10.125
0.3,0.25,0.45,2.0,0.5,11.25
0.3,0.25,0.45,2.0,1.0,13.5
0.3,0.25,0.45,4.0,0.125,18.563
0.3,0.25,0.45,4.0,0.25,19.125
0.3,0.25,0.45,4.0,0.5,20.25
0.3,0.25,0.45,4.0,1.0,22.5
0.3,0.25,0.45,4.0,2.0,27.0
0.3,0.3,0.4,0.25,0.125,1.5
0.3,0.3,0.4,0.5,0.125,2.5
0.3,0.3,0.4,0.5,0.25,3.0
0.3,0.3,0.4,1.0,0.125,4.5
0.3,0.3,0.4,1.0,0.25,5.0
0.3,0.3,0.4,1.0,0.5,6.0
0.3,0.3,0.4,2.0,0.125,8.5
0.3,0.3,0.4,2.0,0.25,9.0
0.3,0.3,0.4,2.0,0.5,10.0
0.3,0.3,0.4,2.0,1.0,12.0
0.3,0.3,0.4,4.0,0.125,16.5
0.3,0.3,0.4,4.0,0.25,17.0
0.3,0.3,0.4,4.0,0.5,18.0
0.3,0.3,0.4,4.0,1.0,20.0
0.3,0.3,0.4,4.0,2.0,24.0
0.3,0.35,0.35,0.25,0.125,1.313
0.3,0.35,0.35,0.5,0.125,2.188
0.3,0.35,0.35,0.5,0.25,2.625
0.3,0.35,0.35,1.0,0.125,3.938
0.3,0.35,0.35,1.0,0.25,4.375
0.3,0.35,0.35,1.0,0.5,5.25
0.3,0.35,0.35,2.0,0.125,7.438
0.3,0.35,0.35,2.0,0.25,7.875
0.3,0.35,0.35,2.0,0.5,8.75
0.3,0.35,0.35,2.0,1.0,10.5
0.3,0.35,0.35,4.0,0.125,14.438
0.3,0.35,0.35,4.0,0.25,14.875
0.3,0.35,0.35,4.0,0.5,15.75
0.3,0.35,0.35,4.0,1.0,17.5
0.3,0.35,0.35,4.0,2.0,21.0
0.3,0.4,0.3,0.25,0.125,1.125
0.3,0.4,0.3,0.5,0.125,1.875
0.3,0.4,0.3,0.5,0.25,2.25
0.3,0.4,0.3,1.0,0.125,3.375
0.3,0.4,0.3,1.0,0.25,3.75
0.3,0.4,0.3,1.0,0.5,4.5
0.3,0.4,0.3,2.0,0.125,6.375
0.3,0.4,0.3,2.0,0.25,6.75
0.3,0.4,0.3,2.0,0.5,7.5
0.3,0.4,0.3,2.0,1.0,9.0
0.3,0.4,0.3,4.0,0.125,12.375
0.3,0.4,0.3,4.0,0.25,12.75
0.3,0.4,0.3,4.0,0.5,13.5
0.3,0.4,0.3,4.0,1.0,15.0
0.3,0.4,0.3,4.0,2.0,18.0
0.3,0.45,0.25,0.25,0.125,0.938
0.3,0.45,0.25,0.5,0.125,1.563
0.3,0.45,0.25,0.5,0.25,1.875
0.3,0.45,0.25,1.0,0.125,2.813
0.3,0.45,0.25,1.0,0.25,3.125
0.3,0.45,0.25,1.0,0.5,3.75
0.3,0.45,0.25,2.0,0.125,5.313
0.3,0.45,0.25,2.0,0.25,5.625
0.3,0.45,0.25,2.0,0.5,6.25
0.3,0.45,0.25,2.0,1.0,7.5
0.3,0.45,0.25,4.0,0.125,10.313
0.3,0.45,0.25,4.0,0.25,10.625
0.3,0.45,0.25,4.0,0.5,11.25
0.3,0.45,0.25,4.0,1.0,12.5
0.3,0.45,0.25,4.0,2.0,15.0
0.3,0.5,0.2,0.25,0.125,0.75
0.3,0.5,0.2,0.5,0.125,1.25
0.3,0.5,0.2,0.5,0.25,1.5
0.3,0.5,0.2,1.0,0.125,2.25
0.3,0.5,0.2,1.0,0.25,2.5
0.3,0.5,0.2,1.0,0.5,3.0
0.3,0.5,0.2,2.0,0.125,4.25
0.3,0.5,0.2,2.0,0.25,4.5
0.3,0.5,0.2,2.0,0.5,5.0
0.3,0.5,0.2,2.0,1.0,6.0
0.3,0.5,0.2,4.0,0.125,8.25
0.3,0.5,0.2,4.0,0.25,8.5
0.3,0.5,0.2,4.0,0.5,9.0
0.3,0.5,0.2,4.0,1.0,10.0
0.3,0.5,0.2,4.0,2.0,12.0
0.3,0.55,0.15,0.25,0.125,0.563
0.3,0.55,0.15,0.5,0.125,0.938
0.3,0.55,0.15,0.5,0.25,1.125
0.3,0.55,0.15,1.0,0.125,1.688
0.3,0.55,0.15,1.0,0.25,1.875
0.3,0.55,0.15,1.0,0.5,2.25
0.3,0.55,0.15,2.0,0.125,3.188
0.3,0.55,0.15,2.0,0.25,3.375
0.3,0.55,0.15,2.0,0.5,3.75
0.3,0.55,0.15,2.0,1.0,4.5
0.3,0.55,0.15,4.0,0.125,6.188
0.3,0.55,0.15,4.0,0.25,6.375
0.3,0.55,0.15,4.0,0.5,6.75
0.3,0.55,0.15,4.0,1.0,7.5
0.3,0.55,0.15,4.0,2.0,9.0
0.3,0.6,0.1,0.25,0.125,0.375
0.3,0.6,0.1,0.5,0.125,0.625
0.3,0.6,0.1,0.5,0.25,0.75
0.3,0.6,0.1,1.0,0.125,1.125
0.3,0.6,0.1,1.0,0.25,1.25
0.3,0.6,0.1,1.0,0.5,1.5
0.3,0.6,0.1,2.0,0.125,2.125
0.3,0.6,0.1,2.0,0.25,2.25
0.3,0.6,0.1,2.0,0.5,2.5
0.3,0.6,0.1,2.0,1.0,3.0
0.3,0.6,0.1,4.0,0.125,4.125
0.3,0.6,0.1,4.0,0.25,4.25
0.3,0.6,0.1,4.0,0.5,4.5
0.3,0.6,0.1,4.0,1.0,5.0
0.3,0.6,0.1,4.0,2.0,6.0
0.3,0.65,0.05,0.25,0.125,0.188
0.3,0.65,0.05,0.5,0.125,0.313
0.3,0.65,0.05,0.5,0.25,0.375
0.3,0.65,0.05,1.0,0.125,0.563
0.3,0.65,0.05,1.0,0.25,0.625
0.3,0.65,0.05,1.0,0.5,0.75
0.3,0.65,0.05,2.0,0.125,1.063
0.3,0.65,0.05,2.0,0.25,1.125
0.3,0.65,0.05,2.0,0.5,1.25
0.3,0.65,0.05,2.0,1.0,1.5
0.3,0.65,0.05,4.0,0.125,2.062
0.3,0.65,0.05,4.0,0.25,2.125
0.3,0.65,0.05,4.0,0.5,2.25
0.3,0.65,0.05,4.0,1.0,2.5
0.3,0.65,0.05,4.0,2.0,3.0
0.3,0.7,0.0,0.25,0.125,0.0
0.3,0.7,0.0,0.5,0.125,0.0
0.3,0.7,0.0,0.5,0.25,0.0
0.3,0.7,0.0,1.0,0.125,0.0
0.3,0.7,0.0,1.0,0.25,0.0
0.3,0.7,0.0,1.0,0.5,0.0
0.3,0.7,0.0,2.0,0.125,0.0
0.3,0.7,0.0,2.0,0.25,0.0
0.3,0.7,0.0,2.0,0.5,0.0
0.3,0.7,0.0,2.0,1.0,0.0
0.3,0.7,0.0,4.0,0.125,0.0
0.3,0.7,0.0,4.0,0.25,0.0
0.3,0.7,0.0,4.0,0.5,0.0
0.3,0.7,0.0,4.0,1.0,0.0
0.3,0.7,0.0,4.0,2.0,0.0
0.35,0.0,0.65,0.25,0.125,
0.35,0.0,0.65,0.5,0.125,
0.35,0.0,0.65,0.5,0.25,
0.35,0.0,0.65,1.0,0.125,
0.35,0.0,0.65,1.0,0.25,
0.35,0.0,0.65,1.0,0.5,
0.35,0.0,0.65,2.0,0.125,
0.35,0.0,0.65,2.0,0.25,
0.35,0.0,0.65,2.0,0.5,
0.35,0.0,0.65,2.0,1.0,
0.35,0.0,0.65,4.0,0.125,
0.35,0.0,0.65,4.0,0.25,
0.35,0.0,0.65,4.0,0.5,
0.35,0.0,0.65,4.0,1.0,
0.35,0.0,0.65,4.0,2.0,
0.35,0.05,0.6,0.25,0.125,2.25
0.35,0.05,0.6,0.5,0.125,3.75
0.35,0.05,0.6,0.5,0.25,4.5
0.35,0.05,0.6,1.0,0.125,6.75
0.35,0.05,0.6,1.0,0.25,7.5
0.35,0.05,0.6,1.0,0.5,9.0
0.35,0.05,0.6,2.0,0.125,12.75
0.35,0.05,0.6,2.0,0.25,13.5
0.35,0.05,0.6,2.0,0.5,15.0
0.35,0.05,0.6,2.0,1.0,18.0
0.35,0.05,0.6,4.0,0.125,24.75
0.35,0.05,0.6,4.0,0.25,25.5
0.35,0.05,0.6,4.0,0.5,27.0
0.35,0.05,0.6,4.0,1.0,30.0
0.35,0.05,0.6,4.0,2.0,36.0
0.35,0.1,0.55,0.25,0.125,2.063
0.35,0.1,0.55,0.5,0.125,3.438
0.35,0.1,0.55,0.5,0.25,4.125
0.35,0.1,0.55,1.0,0.125,6.188
0.35,0.1,0.55,1.0,0.25,6.875
0.35,0.1,0.55,1.0,0.5,8.25
0.35,0.1,0.55,2.0,0.125,11.688
0.35,0.1,0.55,2.0,0.25,12.375
0.35,0.1,0.55,2.0,0.5,13.75
0.35,0.1,0.55,2.0,1.0,16.5
0.35,0.1,0.55,4.0,0.125,22.688
0.35,0.1,0.55,4.0,0.25,23.375
0.35,0.1,0.55,4.0,0.5,24.75
0.35,0.1,0.55,4.0,1.0,27.5
0.35,0.1,0.55,4.0,2.0,33.0
0.35,0.15,0.5,0.25,0.125,1.875
0.35,0.15,0.5,0.5,0.125,3.125
0.35,0.15,0.5,0.5,0.25,3.75
0.35,0.15,0.5,1.0,0.125,5.625
0.35,0.15,0.5,1.0,0.25,6.25
0.35,0.15,0.5,1.0,0.5,7.5
0.35,0.15,0.5,2.0,0.125,10.625
0.35,0.15,0.5,2.0,0.25,11.25
0.35,0.15,0.5,2.0,0.5,12.5
0.35,0.15,0.5,2.0,1.0,15.0
0.35,0.15,0.5,4.0,0.125,20.625
0.35,0.15,0.5,4.0,0.25,21.25
0.35,0.15,0.5,4.0,0.5,22.5
0.35,0.15,0.5,4.0,1.0,25.0
0.35,0.15,0.5,4.0,2.0,30.0
0.35,0.2,0.45,0.25,0.125,1.688
0.35,0.2,0.45,0.5,0.125,2.813
0.35,0.2,0.45,0.5,0.25,3.375
0.35,0.2,0.45,1.0,0.125,5.063
0.35,0.2,0.45,1.0,0.25,5.625
0.35,0.2,0.45,1.0,0.5,6.75
0.35,0.2,0.45,2.0,0.125,9.563
0.35,0.2,0.45,2.0,0.25,10.125
0.35,0.2,0.45,2.0,0.5,11.25
0.35,0.2,0.45,2.0,1.0,13.5
0.35,0.2,0.45,4.0,0.125,18.563
0.35,0.2,0.45,4.0,0.25,19.125
0.35,0.2,0.45,4.0,0.5,20.25
0.35,0.2,0.45,4.0,1.0,22.5
0.35,0.2,0.45,4.0,2.0,27.0
0.35,0.25,0.4,0.25,0.125,1.5
0.35,0.25,0.4,0.5,0.125,2.5
0.35,0.25,0.4,0.5,0.25,3.0
0.35,0.25,0.4,1.0,0.125,4.5
0.35,0.25,0.4,1.0,0.25,5.0
0.35,0.25,0.4,1.0,0.5,6.0
0.35,0.25,0.4,2.0,0.125,8.5
0.35,0.25,0.4,2.0,0.25,9.0
0.35,0.25,0.4,2.0,0.5,10.0
0.35,0.25,0.4,2.0,1.0,12.0
0.35,0.25,0.4,4.0,0.125,16.5
0.35,0.25,0.4,4.0,0.25,17.0
0.35,0.25,0.4,4.0,0.5,18.0
0.35,0.25,0.4,4.0,1.0,20.0
0.35,0.25,0.4,4.0,2.0,24.0
0.35,0.3,0.35,0.25,0.125,1.313
0.35,0.3,0.35,0.5,0.125,2.188
0.35,0.3,0.35,0.5,0.25,2.625
0.35,0.3,0.35,1.0,0.125,3.938
0.35,0.3,0.35,1.0,0.25,4.375
0.35,0.3,0.35,1.0,0.5,5.25
0.35,0.3,0.35,2.0,0.125,7.438
0.35,0.3,0.35,2.0,0.25,7.875
0.35,0.3,0.35,2.0,0.5,8.75
0.35,0.3,0.35,2.0,1.0,10.5
0.35,0.3,0.35,4.0,0.125,14.438
0.35,0.3,0.35,4.0,0.25,14.875
0.35,0.3,0.35,4.0,0.5,15.75
0.35,0.3,0.35,4.0,1.0,17.5
0.35,0.3,0.35,4.0,2.0,21.0
0.35,0.35,0.3,0.25,0.125,1.125
0.35,0.35,0.3,0.5,0.125,1.875
0.35,0.35,0.3,0.5,0.25,2.25
0.35,0.35,0.3,1.0,0.125,3.375
0.35,0.35,0.3,1.0,0.25,3.75
0.35,0.35,0.3,1.0,0.5,4.5
0.35,0.35,0.3,2.0,0.125,6.375
0.35,0.35,0.3,2.0,0.25,6.75
0.35,0.35,0.3,2.0,0.5,7.5
0.35,0.35,0.3,2.0,1.0,9.0
0.35,0.35,0.3,4.0,0.125,12.375
0.35,0.35,0.3,4.0,0.25,12.75
0.35,0.35,0.3,4.0,0.5,13.5
0.35,0.35,0.3,4.0,1.0,15.0
0.35,0.35,0.3,4.0,2.0,18.0
0.35,0.4,0.25,0.25,0.125,0.938
0.35,0.4,0.25,0.5,0.125,1.563
0.35,0.4,0.25,0.5,0.25,1.875
0.35,0.4,0.25,1.0,0.125,2.813
0.35,0.4,0.25,1.0,0.25,3.125
0.35,0.4,0.25,1.0,0.5,3.75
0.35,0.4,0.25,2.0,0.125,5.313
0.35,0.4,0.25,2.0,0.25,5.625
0.35,0.4,0.25,2.0,0.5,6.25
0.35,0.4,0.25,2.0,1.0,7.5
0.35,0.4,0.25,4.0,0.125,10.313
0.35,0.4,0.25,4.0,0.25,10.625
0.35,0.4,0.25,4.0,0.5,11.25
0.35,0.4,0.25,4.0,1.0,12.5
0.35,0.4,0.25,4.0,2.0,15.0
0.35,0.45,0.2,0.25,0.125,0.75
0.35,0.45,0.2,0.5,0.125,1.25
0.35,0.45,0.2,0.5,0.25,1.5
0.35,0.45,0.2,1.0,0.125,2.25
0.35,0.45,0.2,1.0,0.25,2.5
0.35,0.45,0.2,1.0,0.5,3.0
0.35,0.45,0.2,2.0,0.125,4.25
0.35,0.45,0.2,2.0,0.25,4.5
0.35,0.45,0.2,2.0,0.5,5.0
0.35,0.45,0.2,2.0,1.0,6.0
0.35,0.45,0.2,4.0,0.125,8.25
0.35,0.45,0.2,4.0,0.25,8.5
0.35,0.45,0.2,4.0,0.5,9.0
0.35,0.45,0.2,4.0,1.0,10.0
0.35,0.45,0.2,4.0,2.0,12.0
0.35,0.5,0.15,0.25,0.125,0.563
0.35,0.5,0.15,0.5,0.125,0.938
0.35,0.5,0.15,0.5,0.25,1.125
0.35,0.5,0.15,1.0,0.125,1.688
0.35,0.5,0.15,1.0,0.25,1.875
0.35,0.5,0.15,1.0,0.5,2.25
0.35,0.5,0.15,2.0,0.125,3.188
0.35,0.5,0.15,2.0,0.25,3.375
0.35,0.5,0.15,2.0,0.5,3.75
0.35,0.5,0.15,2.0,1.0,4.5
0.35,0.5,0.15,4.0,0.125,6.188
0.35,0.5,0.15,4.0,0.25,6.375
0.35,0.5,0.15,4.0,0.5,6.75
0.35,0.5,0.15,4.0,1.0,7.5
0.35,0.5,0.15,4.0,2.0,9.0
0.35,0.55,0.1,0.25,0.125,0.375
0.35,0.55,0.1,0.5,0.125,0.625
0.35,0.55,0.1,0.5,0.25,0.75
0.35,0.55,0.1,1.0,0.125,1.125
0.35,0.55,0.1,1.0,0.25,1.25
0.35,0.55,0.1,1.0,0.5,1.5
0.35,0.55,0.1,2.0,0.125,2.125
0.35,0.55,0.1,2.0,0.25,2.25
0.35,0.55,0.1,2.0,0.5,2.5
0.35,0.55,0.1,2.0,1.0,3.0
0.35,0.55,0.1,4.0,0.125,4.125
0.35,0.55,0.1,4.0,0.25,4.25
0.35,0.55,0.1,4.0,0.5,4.5
0.35,0.55,0.1,4.0,1.0,5.0
0.35,0.55,0.1,4.0,2.0,6.0
0.35,0.6,0.05,0.25,0.125,0.188
0.35,0.6,0.05,0.5,0.125,0.313
0.35,0.6,0.05,0.5,0.25,0.375
0.35,0.6,0.05,1.0,0.125,0.563
0.35,0.6,0.05,1.0,0.25,0.625
0.35,0.6,0.05,1.0,0.5,0.75
0.35,0.6,0.05,2.0,0.125,1.063
0.35,0.6,0.05,2.0,0.25,1.125
0.35,0.6,0.05,2.0,0.5,1.25
0.35,0.6,0.05,2.0,1.0,1.5
0.35,0.6,0.05,4.0,0.125,2.063
0.35,0.6,0.05,4.0,0.25,2.125
0.35,0.6,0.05,4.0,0.5,2.25
0.35,0.6,0.05,4.0,1.0,2.5
0.35,0.6,0.05,4.0,2.0,3.0
0.35,0.65,0.0,0.25,0.125,0.0
0.35,0.65,0.0,0.5,0.125,0.0
0.35,0.65,0.0,0.5,0.25,0.0
0.35,0.65,0.0,1.0,0.125,0.0
0.35,0.65,0.0,1.0,0.25,0.0
0.35,0.65,0.0,1.0,0.5,0.0
0.35,0.65,0.0,2.0,0.125,0.0
0.35,0.65,0.0,2.0,0.25,0.0
0.35,0.65,0.0,2.0,0.5,0.0
0.35,0.65,0.0,2.0,1.0,0.0
0.35,0.65,0.0,4.0,0.125,0.0
0.35,0.65,0.0,4.0,0.25,0.0
0.35,0.65,0.0,4.0,0.5,0.0
0.35,0.65,0.0,4.0,1.0,0.0
0.35,0.65,0.0,4.0,2.0,0.0
0.4,0.0,0.6,0.25,0.125,
0.4,0.0,0.6,0.5,0.125,
0.4,0.0,0.6,0.5,0.25,
0.4,0.0,0.6,1.0,0.125,
0.4,0.0,0.6,1.0,0.25,
0.4,0.0,0.6,1.0,0.5,
0.4,0.0,0.6,2.0,0.125,
0.4,0.0,0.6,2.0,0.25,
0.4,0.0,0.6,2.0,0.5,
0.4,0.0,0.6,2.0,1.0,
0.4,0.0,0.6,4.0,0.125,
0.4,0.0,0.6,4.0,0.25,
0.4,0.0,0.6,4.0,0.5,
0.4,0.0,0.6,4.0,1.0,
0.4,0.0,0.6,4.0,2.0,
0.4,0.05,0.55,0.25,0.125,2.063
0.4,0.05,0.55,0.5,0.125,3.438
0.4,0.05,0.55,0.5,0.25,4.125
0.4,0.05,0.55,1.0,0.125,6.188
0.4,0.05,0.55,1.0,0.25,6.875
0.4,0.05,0.55,1.0,0.5,8.25
0.4,0.05,0.55,2.0,0.125,11.688
0.4,0.05,0.55,2.0,0.25,12.375
0.4,0.05,0.55,2.0,0.5,13.75
0.4,0.05,0.55,2.0,1.0,16.5
0.4,0.05,0.55,4.0,0.125,22.688
0.4,0.05,0.55,4.0,0.25,23.375
0.4,0.05,0.55,4.0,0.5,24.75
0.4,0.05,0.55,4.0,1.0,27.5
0.4,0.05,0.55,4.0,2.0,33.0
0.4,0.1,0.5,0.25,0.125,1.875
0.4,0.1,0.5,0.5,0.125,3.125
0.4,0.1,0.5,0.5,0.25,3.75
0.4,0.1,0.5,1.0,0.125,5.625
0.4,0.1,0.5,1.0,0.25,6.25
0.4,0.1,0.5,1.0,0.5,7.5
0.4,0.1,0.5,2.0,0.125,10.625
0.4,0.1,0.5,2.0,0.25,11.25
0.4,0.1,0.5,2.0,0.5,12.5
0.4,0.1,0.5,2.0,1.0,15.0
0.4,0.1,0.5,4.0,0.125,20.625
0.4,0.1,0.5,4.0,0.25,21.25
0.4,0.1,0.5,4.0,0.5,22.5
0.4,0.1,0.5,4.0,1.0,25.0
0.4,0.1,0.5,4.0,2.0,30.0
0.4,0.15,0.45,0.25,0.125,1.688
0.4,0.15,0.45,0.5,0.125,2.813
0.4,0.15,0.45,0.5,0.25,3.375
0.4,0.15,0.45,1.0,0.125,5.063
0.4,0.15,0.45,1.0,0.25,5.625
0.4,0.15,0.45,1.0,0.5,6.75
0.4,0.15,0.45,2.0,0.125,9.563
0.4,0.15,0.45,2.0,0.25,10.125
0.4,0.15,0.45,2.0,0.5,11.25
0.4,0.15,0.45,2.0,1.0,13.5
0.4,0.15,0.45,4.0,0.125,18.563
0.4,0.15,0.45,4.0,0.25,19.125
0.4,0.15,0.45,4.0,0.5,20.25
0.4,0.15,0.45,4.0,1.0,22.5
0.4,0.15,0.45,4.0,2.0,27.0
0.4,0.2,0.4,0.25,0.125,1.5
0.4,0.2,0.4,0.5,0.125,2.5
0.4,0.2,0.4,0.5,0.25,3.0
0.4,0.2,0.4,1.0,0.125,4.5
0.4,0.2,0.4,1.0,0.25,5.0
0.4,0.2,0.4,1.0,0.5,6.0
0.4,0.2,0.4,2.0,0.125,8.5
0.4,0.2,0.4,2.0,0.25,9.0
0.4,0.2,0.4,2.0,0.5,10.0
0.4,0.2,0.4,2.0,1.0,12.0
0.4,0.2,0.4,4.0,0.125,16.5
0.4,0.2,0.4,4.0,0.25,17.0
0.4,0.2,0.4,4.0,0.5,18.0
0.4,0.2,0.4,4.0,1.0,20.0
0.4,0.2,0.4,4.0,2.0,24.0
0.4,0.25,0.35,0.25,0.125,1.313
0.4,0.25,0.35,0.5,0.125,2.188
0.4,0.25,0.35,0.5,0.25,2.625
0.4,0.25,0.35,1.0,0.125,3.938
0.4,0.25,0.35,1.0,0.25,4.375
0.4,0.25,0.35,1.0,0.5,5.25
0.4,0.25,0.35,2.0,0.125,7.438
0.4,0.25,0.35,2.0,0.25,7.875
0.4,0.25,0.35,2.0,0.5,8.75
0.4,0.25,0.35,2.0,1.0,10.5
0.4,0.25,0.35,4.0,0.125,14.438
0.4,0.25,0.35,4.0,0.25,14.875
0.4,0.25,0.35,4.0,0.5,15.75
0.4,0.25,0.35,4.0,1.0,17.5
0.4,0.25,0.35,4.0,2.0,21.0
0.4,0.3,0.3,0.25,0.125,1.125
0.4,0.3,0.3,0.5,0.125,1.875
0.4,0.3,0.3,0.5,0.25,2.25
0.4,0.3,0.3,1.0,0.125,3.375
0.4,0.3,0.3,1.0,0.25,3.75
0.4,0.3,0.3,1.0,0.5,4.5
0.4,0.3,0.3,2.0,0.125,6.375
0.4,0.3,0.3,2.0,0.25,6.75
0.4,0.3,0.3,2.0,0.5,7.5
0.4,0.3,0.3,2.0,1.0,9.0
0.4,0.3,0.3,4.0,0.125,12.375
0.4,0.3,0.3,4.0,0.25,12.75
0.4,0.3,0.3,4.0,0.5,13.5
0.4,0.3,0.3,4.0,1.0,15.0
0.4,0.3,0.3,4.0,2.0,18.0
0.4,0.35,0.25,0.25,0.125,0.938
0.4,0.35,0.25,0.5,0.125,1.563
0.4,0.35,0.25,0.5,0.25,1.875
0.4,0.35,0.25,1.0,0.125,2.813
0.4,0.35,0.25,1.0,0.25,3.125
0.4,0.35,0.25,1.0,0.5,3.75
0.4,0.35,0.25,2.0,0.125,5.312
0.4,0.35,0.25,2.0,0.25,5.625
0.4,0.35,0.25,2.0,0.5,6.25
0.4,0.35,0.25,2.0,1.0,7.5
0.4,0.35,0.25,4.0,0.125,10.312
0.4,0.35,0.25,4.0,0.25,10.625
0.4,0.35,0.25,4.0,0.5,11.25
0.4,0.35,0.25,4.0,1.0,12.5
0.4,0.35,0.25,4.0,2.0,15.0
0.4,0.4,0.2,0.25,0.125,0.75
0.4,0.4,0.2,0.5,0.125,1.25
0.4,0.4,0.2,0.5,0.25,1.5
0.4,0.4,0.2,1.0,0.125,2.25
0.4,0.4,0.2,1.0,0.25,2.5
0.4,0.4,0.2,1.0,0.5,3.0
0.4,0.4,0.2,2.0,0.125,4.25
0.4,0.4,0.2,2.0,0.25,4.5
0.4,0.4,0.2,2.0,0.5,5.0
0.4,0.4,0.2,2.0,1.0,6.0
0.4,0.4,0.2,4.0,0.125,8.25
0.4,0.4,0.2,4.0,0.25,8.5
0.4,0.4,0.2,4.0,0.5,9.0
0.4,0.4,0.2,4.0,1.0,10.0
0.4,0.4,0.2,4.0,2.0,12.0
0.4,0.45,0.15,0.25,0.125,0.563
0.4,0.45,0.15,0.5,0.125,0.938
0.4,0.45,0.15,0.5,0.25,1.125
0.4,0.45,0.15,1.0,0.125,1.688
0.4,0.45,0.15,1.0,0.25,1.875
0.4,0.45,0.15,1.0,0.5,2.25
0.4,0.45,0.15,2.0,0.125,3.188
0.4,0.45,0.15,2.0,0.25,3.375
0.4,0.45,0.15,2.0,0.5,3.75
0.4,0.45,0.15,2.0,1.0,4.5
0.4,0.45,0.15,4.0,0.125,6.188
0.4,0.45,0.15,4.0,0.25,6.375
0.4,0.45,0.15,4.0,0.5,6.75
0.4,0.45,0.15,4.0,1.0,7.5
0.4,0.45,0.15,4.0,2.0,9.0
0.4,0.5,0.1,0.25,0.125,0.375
0.4,0.5,0.1,0.5,0.125,0.625
0.4,0.5,0.1,0.5,0.25,0.75
0.4,0.5,0.1,1.0,0.125,1.125
0.4,0.5,0.1,1.0,0.25,1.25
0.4,0.5,0.1,1.0,0.5,1.5
0.4,0.5,0.1,2.0,0.125,2.125
0.4,0.5,0.1,2.0,0.25,2.25
0.4,0.5,0.1,2.0,0.5,2.5
0.4,0.5,0.1,2.0,1.0,3.0
0.4,0.5,0.1,4.0,0.125,4.125
0.4,0.5,0.1,4.0,0.25,4.25
0.4,0.5,0.1,4.0,0.5,4.5
0.4,0.5,0.1,4.0,1.0,5.0
0.4,0.5,0.1,4.0,2.0,6.0
0.4,0.55,0.05,0.25,0.125,0.188
0.4,0.55,0.05,0.5,0.125,0.313
0.4,0.55,0.05,0.5,0.25,0.375
0.4,0.55,0.05,1.0,0.125,0.563
0.4,0.55,0.05,1.0,0.25,0.625
0.4,0.55,0.05,1.0,0.5,0.75
0.4,0.55,0.05,2.0,0.125,1.063
0.4,0.55,0.05,2.0,0.25,1.125
0.4,0.55,0.05,2.0,0.5,1.25
0.4,0.55,0.05,2.0,1.0,1.5
0.4,0.55,0.05,4.0,0.125,2.063
0.4,0.55,0.05,4.0,0.25,2.125
0.4,0.55,0.05,4.0,0.5,2.25
0.4,0.55,0.05,4.0,1.0,2.5
0.4,0.55,0.05,4.0,2.0,3.0
0.4,0.6,0.0,0.25,0.125,0.0
0.4,0.6,0.0,0.5,0.125,0.0
0.4,0.6,0.0,0.5,0.25,0.0
0.4,0.6,0.0,1.0,0.125,0.0
0.4,0.6,0.0,1.0,0.25,0.0
0.4,0.6,0.0,1.0,0.5,0.0
0.4,0.6,0.0,2.0,0.125,0.0
0.4,0.6,0.0,2.0,0.25,0.0
0.4,0.6,0.0,2.0,0.5,0.0
0.4,0.6,0.0,2.0,1.0,0.0
0.4,0.6,0.0,4.0,0.125,0.0
0.4,0.6,0.0,4.0,0.25,0.0
0.4,0.6,0.0,4.0,0.5,0.0
0.4,0.6,0.0,4.0,1.0,0.0
0.4,0.6,0.0,4.0,2.0,0.0
0.45,0.0,0.55,0.25,0.125,
0.45,0.0,0.55,0.5,0.125,
0.45,0.0,0.55,0.5,0.25,
0.45,0.0,0.55,1.0,0.125,
0.45,0.0,0.55,1.0,0.25,
0.45,0.0,0.55,1.0,0.5,
0.45,0.0,0.55,2.0,0.125,
0.45,0.0,0.55,2.0,0.25,
0.45,0.0,0.55,2.0,0.5,
0.45,0.0,0.55,2.0,1.0,
0.45,0.0,0.55,4.0,0.125,
0.45,0.0,0.55,4.0,0.25,
0.45,0.0,0.55,4.0,0.5,
0.45,0.0,0.55,4.0,1.0,
0.45,0.0,0.55,4.0,2.0,
0.45,0.05,0.5,0.25,0.125,1.875
0.45,0.05,0.5,0.5,0.125,3.125
0.45,0.05,0.5,0.5,0.25,3.75
0.45,0.05,0.5,1.0,0.125,5.625
0.45,0.05,0.5,1.0,0.25,6.25
0.45,0.05,0.5,1.0,0.5,7.5
0.45,0.05,0.5,2.0,0.125,10.625
0.45,0.05,0.5,2.0,0.25,11.25
0.45,0.05,0.5,2.0,0.5,12.5
0.45,0.05,0.5,2.0,1.0,15.0
0.45,0.05,0.5,4.0,0.125,20.625
0.45,0.05,0.5,4.0,0.25,21.25
0.45,0.05,0.5,4.0,0.5,22.5
0.45,0.05,0.5,4.0,1.0,25.0
0.45,0.05,0.5,4.0,2.0,30.0
0.45,0.1,0.45,0.25,0.125,1.688
0.45,0.1,0.45,0.5,0.125,2.813
0.45,0.1,0.45,0.5,0.25,3.375
0.45,0.1,0.45,1.0,0.125,5.063
0.45,0.1,0.45,1.0,0.25,5.625
0.45,0.1,0.45,1.0,0.5,6.75
0.45,0.1,0.45,2.0,0.125,9.563
0.45,0.1,0.45,2.0,0.25,10.125
0.45,0.1,0.45,2.0,0.5,11.25
0.45,0.1,0.45,2.0,1.0,13.5
0.45,0.1,0.45,4.0,0.125,18.563
0.45,0.1,0.45,4.0,0.25,19.125
0.45,0.1,0.45,4.0,0.5,20.25
0.45,0.1,0.45,4.0,1.0,22.5
0.45,0.1,0.45,4.0,2.0,27.0
0.45,0.15,0.4,0.25,0.125,1.5
0.45,0.15,0.4,0.5,0.125,2.5
0.45,0.15,0.4,0.5,0.25,3.0
0.45,0.15,0.4,1.0,0.125,4.5
0.45,0.15,0.4,1.0,0.25,5.0
0.45,0.15,0.4,1.0,0.5,6.0
0.45,0.15,0.4,2.0,0.125,8.5
0.45,0.15,0.4,2.0,0.25,9.0
0.45,0.15,0.4,2.0,0.5,10.0
0.45,0.15,0.4,2.0,1.0,12.0
0.45,0.15,0.4,4.0,0.125,16.5
0.45,0.15,0.4,4.0,0.25,17.0
0.45,0.15,0.4,4.0,0.5,18.0
0.45,0.15,0.4,4.0,1.0,20.0
0.45,0.15,0.4,4.0,2.0,24.0
0.45,0.2,0.35,0.25,0.125,1.313
0.45,0.2,0.35,0.5,0.125,2.188
0.45,0.2,0.35,0.5,0.25,2.625
0.45,0.2,0.35,1.0,0.125,3.938
0.45,0.2,0.35,1.0,0.25,4.375
0.45,0.2,0.35,1.0,0.5,5.25
0.45,0.2,0.35,2.0,0.125,7.438
0.45,0.2,0.35,2.0,0.25,7.875
0.45,0.2,0.35,2.0,0.5,8.75
0.45,0.2,0.35,2.0,1.0,10.5
0.45,0.2,0.35,4.0,0.125,14.438
0.45,0.2,0.35,4.0,0.25,14.875
0.45,0.2,0.35,4.0,0.5,15.75
0.45,0.2,0.35,4.0,1.0,17.5
0.45,0.2,0.35,4.0,2.0,21.0
0.45,0.25,0.3,0.25,0.125,1.125
0.45,0.25,0.3,0.5,0.125,1.875
0.45,0.25,0.3,0.5,0.25,2.25
0.45,0.25,0.3,1.0,0.125,3.375
0.45,0.25,0.3,1.0,0.25,3.75
0.45,0.25,0.3,1.0,0.5,4.5
0.45,0.25,0.3,2.0,0.125,6.375
0.45,0.25,0.3,2.0,0.25,6.75
0.45,0.25,0.3,2.0,0.5,7.5
0.45,0.25,0.3,2.0,1.0,9.0
0.45,0.25,0.3,4.0,0.125,12.375
0.45,0.25,0.3,4.0,0.25,12.75
0.45,0.25,0.3,4.0,0.5,13.5
0.45,0.25,0.3,4.0,1.0,15.0
0.45,0.25,0.3,4.0,2.0,18.0
0.45,0.3,0.25,0.25,0.125,0.938
0.45,0.3,0.25,0.5,0.125,1.563
0.45,0.3,0.25,0.5,0.25,1.875
0.45,0.3,0.25,1.0,0.125,2.813
0.45,0.3,0.25,1.0,0.25,3.125
0.45,0.3,0.25,1.0,0.5,3.75
0.45,0.3,0.25,2.0,0.125,5.313
0.45,0.3,0.25,2.0,0.25,5.625
0.45,0.3,0.25,2.0,0.5,6.25
0.45,0.3,0.25,2.0,1.0,7.5
0.45,0.3,0.25,4.0,0.125,10.313
0.45,0.3,0.25,4.0,0.25,10.625
0.45,0.3,0.25,4.0,0.5,11.25
0.45,0.3,0.25,4.0,1.0,12.5
0.45,0.3,0.25,4.0,2.0,15.0
0.45,0.35,0.2,0.25,0.125,0.75
0.45,0.35,0.2,0.5,0.125,1.25
0.45,0.35,0.2,0.5,0.25,1.5
0.45,0.35,0.2,1.0,0.125,2.25
0.45,0.35,0.2,1.0,0.25,2.5
0.45,0.35,0.2,1.0,0.5,3.0
0.45,0.35,0.2,2.0,0.125,4.25
0.45,0.35,0.2,2.0,0.25,4.5
0.45,0.35,0.2,2.0,0.5,5.0
0.45,0.35,0.2,2.0,1.0,6.0
0.45,0.35,0.2,4.0,0.125,8.25
0.45,0.35,0.2,4.0,0.25,8.5
0.45,0.35,0.2,4.0,0.5,9.0
0.45,0.35,0.2,4.0,1.0,10.0
0.45,0.35,0.2,4.0,2.0,12.0
0.45,0.4,0.15,0.25,0.125,0.563
0.45,0.4,0.15,0.5,0.125,0.938
0.45,0.4,0.15,0.5,0.25,1.125
0.45,0.4,0.15,1.0,0.125,1.688
0.45,0.4,0.15,1.0,0.25,1.875
0.45,0.4,0.15,1.0,0.5,2.25
0.45,0.4,0.15,2.0,0.125,3.188
0.45,0.4,0.15,2.0,0.25,3.375
0.45,0.4,0.15,2.0,0.5,3.75
0.45,0.4,0.15,2.0,1.0,4.5
0.45,0.4,0.15,4.0,0.125,6.188
0.45,0.4,0.15,4.0,0.25,6.375
0.45,0.4,0.15,4.0,0.5,6.75
0.45,0.4,0.15,4.0,1.0,7.5
0.45,0.4,0.15,4.0,2.0,9.0
0.45,0.45,0.1,0.25,0.125,0.375
0.45,0.45,0.1,0.5,0.125,0.625
0.45,0.45,0.1,0.5,0.25,0.75
0.45,0.45,0.1,1.0,0.125,1.125
0.45,0.45,0.1,1.0,0.25,1.25
0.45,0.45,0.1,1.0,0.5,1.5
0.45,0.45,0.1,2.0,0.125,2.125
0.45,0.45,0.1,2.0,0.25,2.25
0.45,0.45,0.1,2.0,0.5,2.5
0.45,0.45,0.1,2.0,1.0,3.0
0.45,0.45,0.1,4.0,0.125,4.125
0.45,0.45,0.1,4.0,0.25,4.25
0.45,0.45,0.1,4.0,0.5,4.5
0.45,0.45,0.1,4.0,1.0,5.0
0.45,0.45,0.1,4.0,2.0,6.0
0.45,0.5,0.05,0.25,0.125,0.188
0.45,0.5,0.05,0.5,0.125,0.313
0.45,0.5,0.05,0.5,0.25,0.375
0.45,0.5,0.05,1.0,0.125,0.563
0.45,0.5,0.05,1.0,0.25,0.625
0.45,0.5,0.05,1.0,0.5,0.75
0.45,0.5,0.05,2.0,0.125,1.062
0.45,0.5,0.05,2.0,0.25,1.125
0.45,0.5,0.05,2.0,0.5,1.25
0.45,0.5,0.05,2.0,1.0,1.5
0.45,0.5,0.05,4.0,0.125,2.063
0.45,0.5,0.05,4.0,0.25,2.125
0.45,0.5,0.05,4.0,0.5,2.25
0.45,0.5,0.05,4.0,1.0,2.5
0.45,0.5,0.05,4.0,2.0,3.0
0.45,0.55,0.0,0.25,0.125,0.0
0.45,0.55,0.0,0.5,0.125,0.0
0.45,0.55,0.0,0.5,0.25,0.0
0.45,0.55,0.0,1.0,0.125,0.0
0.45,0.55,0.0,1.0,0.25,0.0
0.45,0.55,0.0,1.0,0.5,0.0
0.45,0.55,0.0,2.0,0.125,0.0
0.45,0.55,0.0,2.0,0.25,0.0
0.45,0.55,0.0,2.0,0.5,0.0
0.45,0.55,0.0,2.0,1.0,0.0
0.45,0.55,0.0,4.0,0.125,0.0
0.45,0.55,0.0,4.0,0.25,0.0
0.45,0.55,0.0,4.0,0.5,0.0
0.45,0.55,0.0,4.0,1.0,0.0
0.45,0.55,0.0,4.0,2.0,0.0
0.5,0.0,0.5,0.25,0.125,
0.5,0.0,0.5,0.5,0.125,
0.5,0.0,0.5,0.5,0.25,
0.5,0.0,0.5,1.0,0.125,
0.5,0.0,0.5,1.0,0.25,
0.5,0.0,0.5,1.0,0.5,
0.5,0.0,0.5,2.0,0.125,
0.5,0.0,0.5,2.0,0.25,
0.5,0.0,0.5,2.0,0.5,
0.5,0.0,0.5,2.0,1.0,
0.5,0.0,0.5,4.0,0.125,
0.5,0.0,0.5,4.0,0.25,
0.5,0.0,0.5,4.0,0.5,
0.5,0.0,0.5,4.0,1.0,
0.5,0.0,0.5,4.0,2.0,
0.5,0.05,0.45,0.25,0.125,1.688
0.5,0.05,0.45,0.5,0.125,2.813
0.5,0.05,0.45,0.5,0.25,3.375
0.5,0.05,0.45,1.0,0.125,5.063
0.5,0.05,0.45,1.0,0.25,5.625
0.5,0.05,0.45,1.0,0.5,6.75
0.5,0.05,0.45,2.0,0.125,9.562
0.5,0.05,0.45,2.0,0.25,10.125
0.5,0.05,0.45,2.0,0.5,11.25
0.5,0.05,0.45,2.0,1.0,13.5
0.5,0.05,0.45,4.0,0.125,18.562
0.5,0.05,0.45,4.0,0.25,19.125
0.5,0.05,0.45,4.0,0.5,20.25
0.5,0.05,0.45,4.0,1.0,22.5
0.5,0.05,0.45,4.0,2.0,27.0
0.5,0.1,0.4,0.25,0.125,1.5
0.5,0.1,0.4,0.5,0.125,2.5
0.5,0.1,0.4,0.5,0.25,3.0
0.5,0.1,0.4,1.0,0.125,4.5
0.5,0.1,0.4,1.0,0.25,5.0
0.5,0.1,0.4,1.0,0.5,6.0
0.5,0.1,0.4,2.0,0.125,8.5
0.5,0.1,0.4,2.0,0.25,9.0
0.5,0.1,0.4,2.0,0.5,10.0
0.5,0.1,0.4,2.0,1.0,12.0
0.5,0.1,0.4,4.0,0.125,16.5
0.5,0.1,0.4,4.0,0.25,17.0
0.5,0.1,0.4,4.0,0.5,18.0
0.5,0.1,0.4,4.0,1.0,20.0
0.5,0.1,0.4,4.0,2.0,24.0
0.5,0.15,0.35,0.25,0.125,1.313
0.5,0.15,0.35,0.5,0.125,2.188
0.5,0.15,0.35,0.5,0.25,2.625
0.5,0.15,0.35,1.0,0.125,3.938
0.5,0.15,0.35,1.0,0.25,4.375
0.5,0.15,0.35,1.0,0.5,5.25
0.5,0.15,0.35,2.0,0.125,7.438
0.5,0.15,0.35,2.0,0.25,7.875
0.5,0.15,0.35,2.0,0.5,8.75
0.5,0.15,0.35,2.0,1.0,10.5
0.5,0.15,0.35,4.0,0.125,14.438
0.5,0.15,0.35,4.0,0.25,14.875
0.5,0.15,0.35,4.0,0.5,15.75
0.5,0.15,0.35,4.0,1.0,17.5
0.5,0.15,0.35,4.0,2.0,21.0
0.5,0.2,0.3,0.25,0.125,1.125
0.5,0.2,0.3,0.5,0.125,1.875
0.5,0.2,0.3,0.5,0.25,2.25
0.5,0.2,0.3,1.0,0.125,3.375
0.5,0.2,0.3,1.0,0.25,3.75
0.5,0.2,0.3,1.0,0.5,4.5
0.5,0.2,0.3,2.0,0.125,6.375
0.5,0.2,0.3,2.0,0.25,6.75
0.5,0.2,0.3,2.0,0.5,7.5
0.5,0.2,0.3,2.0,1.0,9.0
0.5,0.2,0.3,4.0,0.125,12.375
0.5,0.2,0.3,4.0,0.25,12.75
0.5,0.2,0.3,4.0,0.5,13.5
0.5,0.2,0.3,4.0,1.0,15.0
0.5,0.2,0.3,4.0,2.0,18.0
0.5,0.25,0.25,0.25,0.125,0.938
0.5,0.25,0.25,0.5,0.125,1.562
0.5,0.25,0.25,0.5,0.25,1.875
0.5,0.25,0.25,1.0,0.125,2.812
0.5,0.25,0.25,1.0,0.25,3.125
0.5,0.25,0.25,1.0,0.5,3.75
0.5,0.25,0.25,2.0,0.125,5.312
0.5,0.25,0.25,2.0,0.25,5.625
0.5,0.25,0.25,2.0,0.5,6.25
0.5,0.25,0.25,2.0,1.0,7.5
0.5,0.25,0.25,4.0,0.125,10.312
0.5,0.25,0.25,4.0,0.25,10.625
0.5,0.25,0.25,4.0,0.5,11.25
0.5,0.25,0.25,4.0,1.0,12.5
0.5,0.25,0.25,4.0,2.0,15.0
0.5,0.3,0.2,0.25,0.125,0.75
0.5,0.3,0.2,0.5,0.125,1.25
0.5,0.3,0.2,0.5,0.25,1.5
0.5,0.3,0.2,1.0,0.125,2.25
0.5,0.3,0.2,1.0,0.25,2.5
0.5,0.3,0.2,1.0,0.5,3.0
0.5,0.3,0.2,2.0,0.125,4.25
0.5,0.3,0.2,2.0,0.25,4.5
0.5,0.3,0.2,2.0,0.5,5.0
0.5,0.3,0.2,2.0,1.0,6.0
0.5,0.3,0.2,4.0,0.125,8.25
0.5,0.3,0.2,4.0,0.25,8.5
0.5,0.3,0.2,4.0,0.5,9.0
0.5,0.3,0.2,4.0,1.0,10.0
0.5,0.3,0.2,4.0,2.0,12.0
0.5,0.35,0.15,0.25,0.125,0.563
0.5,0.35,0.15,0.5,0.125,0.938
0.5,0.35,0.15,0.5,0.25,1.125
0.5,0.35,0.15,1.0,0.125,1.688
0.5,0.35,0.15,1.0,0.25,1.875
0.5,0.35,0.15,1.0,0.5,2.25
0.5,0.35,0.15,2.0,0.125,3.188
0.5,0.35,0.15,2.0,0.25,3.375
0.5,0.35,0.15,2.0,0.5,3.75
0.5,0.35,0.15,2.0,1.0,4.5
0.5,0.35,0.15,4.0,0.125,6.188
0.5,0.35,0.15,4.0,0.25,6.375
0.5,0.35,0.15,4.0,0.5,6.75
0.5,0.35,0.15,4.0,1.0,7.5
0.5,0.35,0.15,4.0,2.0,9.0
0.5,0.4,0.1,0.25,0.125,0.375
0.5,0.4,0.1,0.5,0.125,0.625
0.5,0.4,0.1,0.5,0.25,0.75
0.5,0.4,0.1,1.0,0.125,1.125
0.5,0.4,0.1,1.0,0.25,1.25
0.5,0.4,0.1,1.0,0.5,1.5
0.5,0.4,0.1,2.0,0.125,2.125
0.5,0.4,0.1,2.0,0.25,2.25
0.5,0.4,0.1,2.0,0.5,2.5
0.5,0.4,0.1,2.0,1.0,3.0
0.5,0.4,0.1,4.0,0.125,4.125
0.5,0.4,0.1,4.0,0.25,4.25
0.5,0.4,0.1,4.0,0.5,4.5
0.5,0.4,0.1,4.0,1.0,5.0
0.5,0.4,0.1,4.0,2.0,6.0
0.5,0.45,0.05,0.25,0.125,0.188
0.5,0.45,0.05,0.5,0.125,0.313
0.5,0.45,0.05,0.5,0.25,0.375
0.5,0.45,0.05,1.0,0.125,0.562
0.5,0.45,0.05,1.0,0.25,0.625
0.5,0.45,0.05,1.0,0.5,0.75
0.5,0.45,0.05,2.0,0.125,1.062
0.5,0.45,0.05,2.0,0.25,1.125
0.5,0.45,0.05,2.0,0.5,1.25
0.5,0.45,0.05,2.0,1.0,1.5
0.5,0.45,0.05,4.0,0.125,2.062
0.5,0.45,0.05,4.0,0.25,2.125
0.5,0.45,0.05,4.0,0.5,2.25
0.5,0.45,0.05,4.0,1.0,2.5
0.5,0.45,0.05,4.0,2.0,3.0
0.5,0.5,0.0,0.25,0.125,0.0
0.5,0.5,0.0,0.5,0.125,0.0
0.5,0.5,0.0,0.5,0.25,0.0
0.5,0.5,0.0,1.0,0.125,0.0
0.5,0.5,0.0,1.0,0.25,0.0
0.5,0.5,0.0,1.0,0.5,0.0
0.5,0.5,0.0,2.0,0.125,0.0
0.5,0.5,0.0,2.0,0.25,0.0
0.5,0.5,0.0,2.0,0.5,0.0
0.5,0.5,0.0,2.0,1.0,0.0
0.5,0.5,0.0,4.0,0.125,0.0
0.5,0.5,0.0,4.0,0.25,0.0
0.5,0.5,0.0,4.0,0.5,0.0
0.5,0.5,0.0,4.0,1.0,0.0
0.5,0.5,0.0,4.0,2.0,0.0
0.55,0.0,0.45,0.25,0.125,
0.55,0.0,0.45,0.5,0.125,
0.55,0.0,0.45,0.5,0.25,
0.55,0.0,0.45,1.0,0.125,
0.55,0.0,0.45,1.0,0.25,
0.55,0.0,0.45,1.0,0.5,
0.55,0.0,0.45,2.0,0.125,
0.55,0.0,0.45,2.0,0.25,
0.55,0.0,0.45,2.0,0.5,
0.55,0.0,0.45,2.0,1.0,
0.55,0.0,0.45,4.0,0.125,
0.55,0.0,0.45,4.0,0.25,
0.55,0.0,0.45,4.0,0.5,
0.55,0.0,0.45,4.0,1.0,
0.55,0.0,0.45,4.0,2.0,
0.55,0.05,0.4,0.25,0.125,1.5
0.55,0.05,0.4,0.5,0.125,2.5
0.55,0.05,0.4,0.5,0.25,3.0
0.55,0.05,0.4,1.0,0.125,4.5
0.55,0.05,0.4,1.0,0.25,5.0
0.55,0.05,0.4,1.0,0.5,6.0
0.55,0.05,0.4,2.0,0.125,8.5
0.55,0.05,0.4,2.0,0.25,9.0
0.55,0.05,0.4,2.0,0.5,10.0
0.55,0.05,0.4,2.0,1.0,12.0
0.55,0.05,0.4,4.0,0.125,16.5
0.55,0.05,0.4,4.0,0.25,17.0
0.55,0.05,0.4,4.0,0.5,18.0
0.55,0.05,0.4,4.0,1.0,20.0
0.55,0.05,0.4,4.0,2.0,24.0
0.55,0.1,0.35,0.25,0.125,1.313
0.55,0.1,0.35,0.5,0.125,2.188
0.55,0.1,0.35,0.5,0.25,2.625
0.55,0.1,0.35,1.0,0.125,3.938
0.55,0.1,0.35,1.0,0.25,4.375
0.55,0.1,0.35,1.0,0.5,5.25
0.55,0.1,0.35,2.0,0.125,7.438
0.55,0.1,0.35,2.0,0.25,7.875
0.55,0.1,0.35,2.0,0.5,8.75
0.55,0.1,0.35,2.0,1.0,10.5
0.55,0.1,0.35,4.0,0.125,14.438
0.55,0.1,0.35,4.0,0.25,14.875
0.55,0.1,0.35,4.0,0.5,15.75
0.55,0.1,0.35,4.0,1.0,17.5
0.55,0.1,0.35,4.0,2.0,21.0
0.55,0.15,0.3,0.25,0.125,1.125
0.55,0.15,0.3,0.5,0.125,1.875
0.55,0.15,0.3,0.5,0.25,2.25
0.55,0.15,0.3,1.0,0.125,3.375
0.55,0.15,0.3,1.0,0.25,3.75
0.55,0.15,0.3,1.0,0.5,4.5
0.55,0.15,0.3,2.0,0.125,6.375
0.55,0.15,0.3,2.0,0.25,6.75
0.55,0.15,0.3,2.0,0.5,7.5
0.55,0.15,0.3,2.0,1.0,9.0
0.55,0.15,0.3,4.0,0.125,12.375
0.55,0.15,0.3,4.0,0.25,12.75
0.55,0.15,0.3,4.0,0.5,13.5
0.55,0.15,0.3,4.0,1.0,15.0
0.55,0.15,0.3,4.0,2.0,18.0
0.55,0.2,0.25,0.25,0.125,0.938
0.55,0.2,0.25,0.5,0.125,1.563
0.55,0.2,0.25,0.5,0.25,1.875
0.55,0.2,0.25,1.0,0.125,2.813
0.55,0.2,0.25,1.0,0.25,3.125
0.55,0.2,0.25,1.0,0.5,3.75
0.55,0.2,0.25,2.0,0.125,5.313
0.55,0.2,0.25,2.0,0.25,5.625
0.55,0.2,0.25,2.0,0.5,6.25
0.55,0.2,0.25,2.0,1.0,7.5
0.55,0.2,0.25,4.0,0.125,10.313
0.55,0.2,0.25,4.0,0.25,10.625
0.55,0.2,0.25,4.0,0.5,11.25
0.55,0.2,0.25,4.0,1.0,12.5
0.55,0.2,0.25,4.0,2.0,15.0
0.55,0.25,0.2,0.25,0.125,0.75
0.55,0.25,0.2,0.5,0.125,1.25
0.55,0.25,0.2,0.5,0.25,1.5
0.55,0.25,0.2,1.0,0.125,2.25
0.55,0.25,0.2,1.0,0.25,2.5
0.55,0.25,0.2,1.0,0.5,3.0
0.55,0.25,0.2,2.0,0.125,4.25
0.55,0.25,0.2,2.0,0.25,4.5
0.55,0.25,0.2,2.0,0.5,5.0
0.55,0.25,0.2,2.0,1.0,6.0
0.55,0.25,0.2,4.0,0.125,8.25
0.55,0.25,0.2,4.0,0.25,8.5
0.55,0.25,0.2,4.0,0.5,9.0
0.55,0.25,0.2,4.0,1.0,10.0
0.55,0.25,0.2,4.0,2.0,12.0
0.55,0.3,0.15,0.25,0.125,0.563
0.55,0.3,0.15,0.5,0.125,0.938
0.55,0.3,0.15,0.5,0.25,1.125
0.55,0.3,0.15,1.0,0.125,1.688
0.55,0.3,0.15,1.0,0.25,1.875
0.55,0.3,0.15,1.0,0.5,2.25
0.55,0.3,0.15,2.0,0.125,3.188
0.55,0.3,0.15,2.0,0.25,3.375
0.55,0.3,0.15,2.0,0.5,3.75
0.55,0.3,0.15,2.0,1.0,4.5
0.55,0.3,0.15,4.0,0.125,6.188
0.55,0.3,0.15,4.0,0.25,6.375
0.55,0.3,0.15,4.0,0.5,6.75
0.55,0.3,0.15,4.0,1.0,7.5
0.55,0.3,0.15,4.0,2.0,9.0
0.55,0.35,0.1,0.25,0.125,0.375
0.55,0.35,0.1,0.5,0.125,0.625
0.55,0.35,0.1,0.5,0.25,0.75
0.55,0.35,0.1,1.0,0.125,1.125
0.55,0.35,0.1,1.0,0.25,1.25
0.55,0.35,0.1,1.0,0.5,1.5
0.55,0.35,0.1,2.0,0.125,2.125
0.55,0.35,0.1,2.0,0.25,2.25
0.55,0.35,0.1,2.0,0.5,2.5
0.55,0.35,0.1,2.0,1.0,3.0
0.55,0.35,0.1,4.0,0.125,4.125
0.55,0.35,0.1,4.0,0.25,4.25
0.55,0.35,0.1,4.0,0.5,4.5
0.55,0.35,0.1,4.0,1.0,5.0
0.55,0.35,0.1,4.0,2.0,6.0
0.55,0.4,0.05,0.25,0.125,0.188
0.55,0.4,0.05,0.5,0.125,0.313
0.55,0.4,0.05,0.5,0.25,0.375
0.55,0.4,0.05,1.0,0.125,0.563
0.55,0.4,0.05,1.0,0.25,0.625
0.55,0.4,0.05,1.0,0.5,0.75
0.55,0.4,0.05,2.0,0.125,1.063
0.55,0.4,0.05,2.0,0.25,1.125
0.55,0.4,0.05,2.0,0.5,1.25
0.55,0.4,0.05,2.0,1.0,1.5
0.55,0.4,0.05,4.0,0.125,2.063
0.55,0.4,0.05,4.0,0.25,2.125
0.55,0.4,0.05,4.0,0.5,2.25
0.55,0.4,0.05,4.0,1.0,2.5
0.55,0.4,0.05,4.0,2.0,3.0
0.55,0.45,0.0,0.25,0.125,0.0
0.55,0.45,0.0,0.5,0.125,0.0
0.55,0.45,0.0,0.5,0.25,0.0
0.55,0.45,0.0,1.0,0.125,0.0
0.55,0.45,0.0,1.0,0.25,0.0
0.55,0.45,0.0,1.0,0.5,0.0
0.55,0.45,0.0,2.0,0.125,0.0
0.55,0.45,0.0,2.0,0.25,0.0
0.55,0.45,0.0,2.0,0.5,0.0
0.55,0.45,0.0,2.0,1.0,0.0
0.55,0.45,0.0,4.0,0.125,0.0
0.55,0.45,0.0,4.0,0.25,0.0
0.55,0.45,0.0,4.0,0.5,0.0
0.55,0.45,0.0,4.0,1.0,0.0
0.55,0.45,0.0,4.0,2.0,0.0
0.6,0.0,0.4,0.25,0.125,
0.6,0.0,0.4,0.5,0.125,
0.6,0.0,0.4,0.5,0.25,
0.6,0.0,0.4,1.0,0.125,
0.6,0.0,0.4,1.0,0.25,
0.6,0.0,0.4,1.0,0.5,
0.6,0.0,0.4,2.0,0.125,
0.6,0.0,0.4,2.0,0.25,
0.6,0.0,0.4,2.0,0.5,
0.6,0.0,0.4,2.0,1.0,
0.6,0.0,0.4,4.0,0.125,
0.6,0.0,0.4,4.0,0.25,
0.6,0.0,0.4,4.0,0.5,
0.6,0.0,0.4,4.0,1.0,
0.6,0.0,0.4,4.0,2.0,
0.6,0.05,0.35,0.25,0.125,1.313
0.6,0.05,0.35,0.5,0.125,2.188
0.6,0.05,0.35,0.5,0.25,2.625
0.6,0.05,0.35,1.0,0.125,3.938
0.6,0.05,0.35,1.0,0.25,4.375
0.6,0.05,0.35,1.0,0.5,5.25
0.6,0.05,0.35,2.0,0.125,7.438
0.6,0.05,0.35,2.0,0.25,7.875
0.6,0.05,0.35,2.0,0.5,8.75
0.6,0.05,0.35,2.0,1.0,10.5
0.6,0.05,0.35,4.0,0.125,14.438
0.6,0.05,0.35,4.0,0.25,14.875
0.6,0.05,0.35,4.0,0.5,15.75
0.6,0.05,0.35,4.0,1.0,17.5
0.6,0.05,0.35,4.0,2.0,21.0
0.6,0.1,0.3,0.25,0.125,1.125
0.6,0.1,0.3,0.5,0.125,1.875
0.6,0.1,0.3,0.5,0.25,2.25
0.6,0.1,0.3,1.0,0.125,3.375
0.6,0.1,0.3,1.0,0.25,3.75
0.6,0.1,0.3,1.0,0.5,4.5
0.6,0.1,0.3,2.0,0.125,6.375
0.6,0.1,0.3,2.0,0.25,6.75
0.6,0.1,0.3,2.0,0.5,7.5
0.6,0.1,0.3,2.0,1.0,9.0
0.6,0.1,0.3,4.0,0.125,12.375
0.6,0.1,0.3,4.0,0.25,12.75
0.6,0.1,0.3,4.0,0.5,13.5
0.6,0.1,0.3,4.0,1.0,15.0
0.6,0.1,0.3,4.0,2.0,18.0
0.6,0.15,0.25,0.25,0.125,0.938
0.6,0.15,0.25,0.5,0.125,1.563
0.6,0.15,0.25,0.5,0.25,1.875
0.6,0.15,0.25,1.0,0.125,2.813
0.6,0.15,0.25,1.0,0.25,3.125
0.6,0.15,0.25,1.0,0.5,3.75
0.6,0.15,0.25,2.0,0.125,5.313
0.6,0.15,0.25,2.0,0.25,5.625
0.6,0.15,0.25,2.0,0.5,6.25
0.6,0.15,0.25,2.0,1.0,7.5
0.6,0.15,0.25,4.0,0.125,10.313
0.6,0.15,0.25,4.0,0.25,10.625
0.6,0.15,0.25,4.0,0.5,11.25
0.6,0.15,0.25,4.0,1.0,12.5
0.6,0.15,0.25,4.0,2.0,15.0
0.6,0.2,0.2,0.25,0.125,0.75
0.6,0.2,0.2,0.5,0.125,1.25
0.6,0.2,0.2,0.5,0.25,1.5
0.6,0.2,0.2,1.0,0.125,2.25
0.6,0.2,0.2,1.0,0.25,2.5
0.6,0.2,0.2,1.0,0.5,3.0
0.6,0.2,0.2,2.0,0.125,4.25
0.6,0.2,0.2,2.0,0.25,4.5
0.6,0.2,0.2,2.0,0.5,5.0
0.6,0.2,0.2,2.0,1.0,6.0
0.6,0.2,0.2,4.0,0.125,8.25
0.6,0.2,0.2,4.0,0.25,8.5
0.6,0.2,0.2,4.0,0.5,9.0
0.6,0.2,0.2,4.0,1.0,10.0
0.6,0.2,0.2,4.0,2.0,12.0
0.6,0.25,0.15,0.25,0.125,0.563
0.6,0.25,0.15,0.5,0.125,0.938
0.6,0.25,0.15,0.5,0.25,1.125
0.6,0.25,0.15,1.0,0.125,1.688
0.6,0.25,0.15,1.0,0.25,1.875
0.6,0.25,0.15,1.0,0.5,2.25
0.6,0.25,0.15,2.0,0.125,3.188
0.6,0.25,0.15,2.0,0.25,3.375
0.6,0.25,0.15,2.0,0.5,3.75
0.6,0.25,0.15,2.0,1.0,4.5
0.6,0.25,0.15,4.0,0.125,6.188
0.6,0.25,0.15,4.0,0.25,6.375
0.6,0.25,0.15,4.0,0.5,6.75
0.6,0.25,0.15,4.0,1.0,7.5
0.6,0.25,0.15,4.0,2.0,9.0
0.6,0.3,0.1,0.25,0.125,0.375
0.6,0.3,0.1,0.5,0.125,0.625
0.6,0.3,0.1,0.5,0.25,0.75
0.6,0.3,0.1,1.0,0.125,1.125
0.6,0.3,0.1,1.0,0.25,1.25
0.6,0.3,0.1,1.0,0.5,1.5
0.6,0.3,0.1,2.0,0.125,2.125
0.6,0.3,0.1,2.0,0.25,2.25
0.6,0.3,0.1,2.0,0.5,2.5
0.6,0.3,0.1,2.0,1.0,3.0
0.6,0.3,0.1,4.0,0.125,4.125
0.6,0.3,0.1,4.0,0.25,4.25
0.6,0.3,0.1,4.0,0.5,4.5
0.6,0.3,0.1,4.0,1.0,5.0
0.6,0.3,0.1,4.0,2.0,6.0
0.6,0.35,0.05,0.25,0.125,0.188
0.6,0.35,0.05,0.5,0.125,0.313
0.6,0.35,0.05,0.5,0.25,0.375
0.6,0.35,0.05,1.0,0.125,0.563
0.6,0.35,0.05,1.0,0.25,0.625
0.6,0.35,0.05,1.0,0.5,0.75
0.6,0.35,0.05,2.0,0.125,1.063
0.6,0.35,0.05,2.0,0.25,1.125
0.6,0.35,0.05,2.0,0.5,1.25
0.6,0.35,0.05,2.0,1.0,1.5
0.6,0.35,0.05,4.0,0.125,2.063
0.6,0.35,0.05,4.0,0.25,2.125
0.6,0.35,0.05,4.0,0.5,2.25
0.6,0.35,0.05,4.0,1.0,2.5
0.6,0.35,0.05,4.0,2.0,3.0
0.6,0.4,0.0,0.25,0.125,0.0
0.6,0.4,0.0,0.5,0.125,0.0
0.6,0.4,0.0,0.5,0.25,0.0
0.6,0.4,0.0,1.0,0.125,0.0
0.6,0.4,0.0,1.0,0.25,0.0
0.6,0.4,0.0,1.0,0.5,0.0
0.6,0.4,0.0,2.0,0.125,0.0
0.6,0.4,0.0,2.0,0.25,0.0
0.6,0.4,0.0,2.0,0.5,0.0
0.6,0.4,0.0,2.0,1.0,0.0
0.6,0.4,0.0,4.0,0.125,0.0
0.6,0.4,0.0,4.0,0.25,0.0
0.6,0.4,0.0,4.0,0.5,0.0
0.6,0.4,0.0,4.0,1.0,0.0
0.6,0.4,0.0,4.0,2.0,0.0
0.65,0.0,0.35,0.25,0.125,
0.65,0.0,0.35,0.5,0.125,
0.65,0.0,0.35,0.5,0.25,
0.65,0.0,0.35,1.0,0.125,
0.65,0.0,0.35,1.0,0.25,
0.65,0.0,0.35,1.0,0.5,
0.65,0.0,0.35,2.0,0.125,
0.65,0.0,0.35,2.0,0.25,
0.65,0.0,0.35,2.0,0.5,
0.65,0.0,0.35,2.0,1.0,
0.65,0.0,0.35,4.0,0.125,
0.65,0.0,0.35,4.0,0.25,
0.65,0.0,0.35,4.0,0.5,
0.65,0.0,0.35,4.0,1.0,
0.65,0.0,0.35,4.0,2.0,
0.65,0.05,0.3,0.25,0.125,1.125
0.65,0.05,0.3,0.5,0.125,1.875
0.65,0.05,0.3,0.5,0.25,2.25
0.65,0.05,0.3,1.0,0.125,3.375
0.65,0.05,0.3,1.0,0.25,3.75
0.65,0.05,0.3,1.0,0.5,4.5
0.65,0.05,0.3,2.0,0.125,6.375
0.65,0.05,0.3,2.0,0.25,6.75
0.65,0.05,0.3,2.0,0.5,7.5
0.65,0.05,0.3,2.0,1.0,9.0
0.65,0.05,0.3,4.0,0.125,12.375
0.65,0.05,0.3,4.0,0.25,12.75
0.65,0.05,0.3,4.0,0.5,13.5
0.65,0.05,0.3,4.0,1.0,15.0
0.65,0.05,0.3,4.0,2.0,18.0
0.65,0.1,0.25,0.25,0.125,0.938
0.65,0.1,0.25,0.5,0.125,1.562
0.65,0.1,0.25,0.5,0.25,1.875
0.65,0.1,0.25,1.0,0.125,2.812
0.65,0.1,0.25,1.0,0.25,3.125
0.65,0.1,0.25,1.0,0.5,3.75
0.65,0.1,0.25,2.0,0.125,5.312
0.65,0.1,0.25,2.0,0.25,5.625
0.65,0.1,0.25,2.0,0.5,6.25
0.65,0.1,0.25,2.0,1.0,7.5
0.65,0.1,0.25,4.0,0.125,10.312
0.65,0.1,0.25,4.0,0.25,10.625
0.65,0.1,0.25,4.0,0.5,11.25
0.65,0.1,0.25,4.0,1.0,12.5
0.65,0.1,0.25,4.0,2.0,15.0
0.65,0.15,0.2,0.25,0.125,0.75
0.65,0.15,0.2,0.5,0.125,1.25
0.65,0.15,0.2,0.5,0.25,1.5
0.65,0.15,0.2,1.0,0.125,2.25
0.65,0.15,0.2,1.0,0.25,2.5
0.65,0.15,0.2,1.0,0.5,3.0
0.65,0.15,0.2,2.0,0.125,4.25
0.65,0.15,0.2,2.0,0.25,4.5
0.65,0.15,0.2,2.0,0.5,5.0
0.65,0.15,0.2,2.0,1.0,6.0
0.65,0.15,0.2,4.0,0.125,8.25
0.65,0.15,0.2,4.0,0.25,8.5
0.65,0.15,0.2,4.0,0.5,9.0
0.65,0.15,0.2,4.0,1.0,10.0
0.65,0.15,0.2,4.0,2.0,12.0
0.65,0.2,0.15,0.25,0.125,0.563
0.65,0.2,0.15,0.5,0.125,0.938
0.65,0.2,0.15,0.5,0.25,1.125
0.65,0.2,0.15,1.0,0.125,1.688
0.65,0.2,0.15,1.0,0.25,1.875
0.65,0.2,0.15,1.0,0.5,2.25
0.65,0.2,0.15,2.0,0.125,3.188
0.65,0.2,0.15,2.0,0.25,3.375
0.65,0.2,0.15,2.0,0.5,3.75
0.65,0.2,0.15,2.0,1.0,4.5
0.65,0.2,0.15,4.0,0.125,6.188
0.65,0.2,0.15,4.0,0.25,6.375
0.65,0.2,0.15,4.0,0.5,6.75
0.65,0.2,0.15,4.0,1.0,7.5
0.65,0.2,0.15,4.0,2.0,9.0
0.65,0.25,0.1,0.25,0.125,0.375
0.65,0.25,0.1,0.5,0.125,0.625
0.65,0.25,0.1,0.5,0.25,0.75
0.65,0.25,0.1,1.0,0.125,1.125
0.65,0.25,0.1,1.0,0.25,1.25
0.65,0.25,0.1,1.0,0.5,1.5
0.65,0.25,0.1,2.0,0.125,2.125
0.65,0.25,0.1,2.0,0.25,2.25
0.65,0.25,0.1,2.0,0.5,2.5
0.65,0.25,0.1,2.0,1.0,3.0
0.65,0.25,0.1,4.0,0.125,4.125
0.65,0.25,0.1,4.0,0.25,4.25
0.65,0.25,0.1,4.0,0.5,4.5
0.65,0.25,0.1,4.0,1.0,5.0
0.65,0.25,0.1,4.0,2.0,6.0
0.65,0.3,0.05,0.25,0.125,0.188
0.65,0.3,0.05,0.5,0.125,0.313
0.65,0.3,0.05,0.5,0.25,0.375
0.65,0.3,0.05,1.0,0.125,0.563
0.65,0.3,0.05,1.0,0.25,0.625
0.65,0.3,0.05,1.0,0.5,0.75
0.65,0.3,0.05,2.0,0.125,1.063
0.65,0.3,0.05,2.0,0.25,1.125
0.65,0.3,0.05,2.0,0.5,1.25
0.65,0.3,0.05,2.0,1.0,1.5
0.65,0.3,0.05,4.0,0.125,2.062
0.65,0.3,0.05,4.0,0.25,2.125
0.65,0.3,0.05,4.0,0.5,2.25
0.65,0.3,0.05,4.0,1.0,2.5
0.65,0.3,0.05,4.0,2.0,3.0
0.65,0.35,0.0,0.25,0.125,0.0
0.65,0.35,0.0,0.5,0.125,0.0
0.65,0.35,0.0,0.5,0.25,0.0
0.65,0.35,0.0,1.0,0.125,0.0
0.65,0.35,0.0,1.0,0.25,0.0
0.65,0.35,0.0,1.0,0.5,0.0
0.65,0.35,0.0,2.0,0.125,0.0
0.65,0.35,0.0,2.0,0.25,0.0
0.65,0.35,0.0,2.0,0.5,0.0
0.65,0.35,0.0,2.0,1.0,0.0
0.65,0.35,0.0,4.0,0.125,0.0
0.65,0.35,0.0,4.0,0.25,0.0
0.65,0.35,0.0,4.0,0.5,0.0
0.65,0.35,0.0,4.0,1.0,0.0
0.65,0.35,0.0,4.0,2.0,0.0
0.7,0.0,0.3,0.25,0.125,
0.7,0.0,0.3,0.5,0.125,
0.7,0.0,0.3,0.5,0.25,
0.7,0.0,0.3,1.0,0.125,
0.7,0.0,0.3,1.0,0.25,
0.7,0.0,0.3,1.0,0.5,
0.7,0.0,0.3,2.0,0.125,
0.7,0.0,0.3,2.0,0.25,
0.7,0.0,0.3,2.0,0.5,
0.7,0.0,0.3,2.0,1.0,
0.7,0.0,0.3,4.0,0.125,
0.7,0.0,0.3,4.0,0.25,
0.7,0.0,0.3,4.0,0.5,
0.7,0.0,0.3,4.0,1.0,
0.7,0.0,0.3,4.0,2.0,
0.7,0.05,0.25,0.25,0.125,0.938
0.7,0.05,0.25,0.5,0.125,1.563
0.7,0.05,0.25,0.5,0.25,1.875
0.7,0.05,0.25,1.0,0.125,2.813
0.7,0.05,0.25,1.0,0.25,3.125
0.7,0.05,0.25,1.0,0.5,3.75
0.7,0.05,0.25,2.0,0.125,5.313
0.7,0.05,0.25,2.0,0.25,5.625
0.7,0.05,0.25,2.0,0.5,6.25
0.7,0.05,0.25,2.0,1.0,7.5
0.7,0.05,0.25,4.0,0.125,10.313
0.7,0.05,0.25,4.0,0.25,10.625
0.7,0.05,0.25,4.0,0.5,11.25
0.7,0.05,0.25,4.0,1.0,12.5
0.7,0.05,0.25,4.0,2.0,15.0
0.7,0.1,0.2,0.25,0.125,0.75
0.7,0.1,0.2,0.5,0.125,1.25
0.7,0.1,0.2,0.5,0.25,1.5
0.7,0.1,0.2,1.0,0.125,2.25
0.7,0.1,0.2,1.0,0.25,2.5
0.7,0.1,0.2,1.0,0.5,3.0
0.7,0.1,0.2,2.0,0.125,4.25
0.7,0.1,0.2,2.0,0.25,4.5
0.7,0.1,0.2,2.0,0.5,5.0
0.7,0.1,0.2,2.0,1.0,6.0
0.7,0.1,0.2,4.0,0.125,8.25
0.7,0.1,0.2,4.0,0.25,8.5
0.7,0.1,0.2,4.0,0.5,9.0
0.7,0.1,0.2,4.0,1.0,10.0
0.7,0.1,0.2,4.0,2.0,12.0
0.7,0.15,0.15,0.25,0.125,0.563
0.7,0.15,0.15,0.5,0.125,0.938
0.7,0.15,0.15,0.5,0.25,1.125
0.7,0.15,0.15,1.0,0.125,1.688
0.7,0.15,0.15,1.0,0.25,1.875
0.7,0.15,0.15,1.0,0.5,2.25
0.7,0.15,0.15,2.0,0.125,3.188
0.7,0.15,0.15,2.0,0.25,3.375
0.7,0.15,0.15,2.0,0.5,3.75
0.7,0.15,0.15,2.0,1.0,4.5
0.7,0.15,0.15,4.0,0.125,6.188
0.7,0.15,0.15,4.0,0.25,6.375
0.7,0.15,0.15,4.0,0.5,6.75
0.7,0.15,0.15,4.0,1.0,7.5
0.7,0.15,0.15,4.0,2.0,9.0
0.7,0.2,0.1,0.25,0.125,0.375
0.7,0.2,0.1,0.5,0.125,0.625
0.7,0.2,0.1,0.5,0.25,0.75
0.7,0.2,0.1,1.0,0.125,1.125
0.7,0.2,0.1,1.0,0.25,1.25
0.7,0.2,0.1,1.0,0.5,1.5
0.7,0.2,0.1,2.0,0.125,2.125
0.7,0.2,0.1,2.0,0.25,2.25
0.7,0.2,0.1,2.0,0.5,2.5
0.7,0.2,0.1,2.0,1.0,3.0
0.7,0.2,0.1,4.0,0.125,4.125
0.7,0.2,0.1,4.0,0.25,4.25
0.7,0.2,0.1,4.0,0.5,4.5
0.7,0.2,0.1,4.0,1.0,5.0
0.7,0.2,0.1,4.0,2.0,6.0
0.7,0.25,0.05,0.25,0.125,0.188
0.7,0.25,0.05,0.5,0.125,0.313
0.7,0.25,0.05,0.5,0.25,0.375
0.7,0.25,0.05,1.0,0.125,0.563
0.7,0.25,0.05,1.0,0.25,0.625
0.7,0.25,0.05,1.0,0.5,0.75
0.7,0.25,0.05,2.0,0.125,1.063
0.7,0.25,0.05,2.0,0.25,1.125
0.7,0.25,0.05,2.0,0.5,1.25
0.7,0.25,0.05,2.0,1.0,1.5
0.7,0.25,0.05,4.0,0.125,2.063
0.7,0.25,0.05,4.0,0.25,2.125
0.7,0.25,0.05,4.0,0.5,2.25
0.7,0.25,0.05,4.0,1.0,2.5
0.7,0.25,0.05,4.0,2.0,3.0
0.7,0.3,0.0,0.25,0.125,0.0
0.7,0.3,0.0,0.5,0.125,0.0
0.7,0.3,0.0,0.5,0.25,0.0
0.7,0.3,0.0,1.0,0.125,0.0
0.7,0.3,0.0,1.0,0.25,0.0
0.7,0.3,0.0,1.0,0.5,0.0
0.7,0.3,0.0,2.0,0.125,0.0
0.7,0.3,0.0,2.0,0.25,0.0
0.7,0.3,0.0,2.0,0.5,0.0
0.7,0.3,0.0,2.0,1.0,0.0
0.7,0.3,0.0,4.0,0.125,0.0
0.7,0.3,0.0,4.0,0.25,0.0
0.7,0.3,0.0,4.0,0.5,0.0
0.7,0.3,0.0,4.0,1.0,0.0
0.7,0.3,0.0,4.0,2.0,0.0
0.75,0.0,0.25,0.25,0.125,
0.75,0.0,0.25,0.5,0.125,
0.75,0.0,0.25,0.5,0.25,
0.75,0.0,0.25,1.0,0.125,
0.75,0.0,0.25,1.0,0.25,
0.75,0.0,0.25,1.0,0.5,
0.75,0.0,0.25,2.0,0.125,
0.75,0.0,0.25,2.0,0.25,
0.75,0.0,0.25,2.0,0.5,
0.75,0.0,0.25,2.0,1.0,
0.75,0.0,0.25,4.0,0.125,
0.75,0.0,0.25,4.0,0.25,
0.75,0.0,0.25,4.0,0.5,
0.75,0.0,0.25,4.0,1.0,
0.75,0.0,0.25,4.0,2.0,
0.75,0.05,0.2,0.25,0.125,0.75
0.75,0.05,0.2,0.5,0.125,1.25
0.75,0.05,0.2,0.5,0.25,1.5
0.75,0.05,0.2,1.0,0.125,2.25
0.75,0.05,0.2,1.0,0.25,2.5
0.75,0.05,0.2,1.0,0.5,3.0
0.75,0.05,0.2,2.0,0.125,4.25
0.75,0.05,0.2,2.0,0.25,4.5
0.75,0.05,0.2,2.0,0.5,5.0
0.75,0.05,0.2,2.0,1.0,6.0
0.75,0.05,0.2,4.0,0.125,8.25
0.75,0.05,0.2,4.0,0.25,8.5
0.75,0.05,0.2,4.0,0.5,9.0
0.75,0.05,0.2,4.0,1.0,10.0
0.75,0.05,0.2,4.0,2.0,12.0
0.75,0.1,0.15,0.25,0.125,0.563
0.75,0.1,0.15,0.5,0.125,0.938
0.75,0.1,0.15,0.5,0.25,1.125
0.75,0.1,0.15,1.0,0.125,1.688
0.75,0.1,0.15,1.0,0.25,1.875
0.75,0.1,0.15,1.0,0.5,2.25
0.75,0.1,0.15,2.0,0.125,3.188
0.75,0.1,0.15,2.0,0.25,3.375
0.75,0.1,0.15,2.0,0.5,3.75
0.75,0.1,0.15,2.0,1.0,4.5
0.75,0.1,0.15,4.0,0.125,6.188
0.75,0.1,0.15,4.0,0.25,6.375
0.75,0.1,0.15,4.0,0.5,6.75
0.75,0.1,0.15,4.0,1.0,7.5
0.75,0.1,0.15,4.0,2.0,9.0
0.75,0.15,0.1,0.25,0.125,0.375
0.75,0.15,0.1,0.5,0.125,0.625
0.75,0.15,0.1,0.5,0.25,0.75
0.75,0.15,0.1,1.0,0.125,1.125
0.75,0.15,0.1,1.0,0.25,1.25
0.75,0.15,0.1,1.0,0.5,1.5
0.75,0.15,0.1,2.0,0.125,2.125
0.75,0.15,0.1,2.0,0.25,2.25
0.75,0.15,0.1,2.0,0.5,2.5
0.75,0.15,0.1,2.0,1.0,3.0
0.75,0.15,0.1,4.0,0.125,4.125
0.75,0.15,0.1,4.0,0.25,4.25
0.75,0.15,0.1,4.0,0.5,4.5
0.75,0.15,0.1,4.0,1.0,5.0
0.75,0.15,0.1,4.0,2.0,6.0
0.75,0.2,0.05,0.25,0.125,0.188
0.75,0.2,0.05,0.5,0.125,0.313
0.75,0.2,0.05,0.5,0.25,0.375
0.75,0.2,0.05,1.0,0.125,0.562
0.75,0.2,0.05,1.0,0.25,0.625
0.75,0.2,0.05,1.0,0.5,0.75
0.75,0.2,0.05,2.0,0.125,1.063
0.75,0.2,0.05,2.0,0.25,1.125
0.75,0.2,0.05,2.0,0.5,1.25
0.75,0.2,0.05,2.0,1.0,1.5
0.75,0.2,0.05,4.0,0.125,2.063
0.75,0.2,0.05,4.0,0.25,2.125
0.75,0.2,0.05,4.0,0.5,2.25
0.75,0.2,0.05,4.0,1.0,2.5
0.75,0.2,0.05,4.0,2.0,3.0
0.75,0.25,0.0,0.25,0.125,0.0
0.75,0.25,0.0,0.5,0.125,0.0
0.75,0.25,0.0,0.5,0.25,0.0
0.75,0.25,0.0,1.0,0.125,0.0
0.75,0.25,0.0,1.0,0.25,0.0
0.75,0.25,0.0,1.0,0.5,0.0
0.75,0.25,0.0,2.0,0.125,0.0
0.75,0.25,0.0,2.0,0.25,0.0
0.75,0.25,0.0,2.0,0.5,0.0
0.75,0.25,0.0,2.0,1.0,0.0
0.75,0.25,0.0,4.0,0.125,0.0
0.75,0.25,0.0,4.0,0.25,0.0
0.75,0.25,0.0,4.0,0.5,0.0
0.75,0.25,0.0,4.0,1.0,0.0
0.75,0.25,0.0,4.0,2.0,0.0
0.8,0.0,0.2,0.25,0.125,
0.8,0.0,0.2,0.5,0.125,
0.8,0.0,0.2,0.5,0.25,
0.8,0.0,0.2,1.0,0.125,
0.8,0.0,0.2,1.0,0.25,
0.8,0.0,0.2,1.0,0.5,
0.8,0.0,0.2,2.0,0.125,
0.8,0.0,0.2,2.0,0.25,
0.8,0.0,0.2,2.0,0.5,
0.8,0.0,0.2,2.0,1.0,
0.8,0.0,0.2,4.0,0.125,
0.8,0.0,0.2,4.0,0.25,
0.8,0.0,0.2,4.0,0.5,
0.8,0.0,0.2,4.0,1.0,
0.8,0.0,0.2,4.0,2.0,
0.8,0.05,0.15,0.25,0.125,0.563
0.8,0.05,0.15,0.5,0.125,0.938
0.8,0.05,0.15,0.5,0.25,1.125
0.8,0.05,0.15,1.0,0.125,1.688
0.8,0.05,0.15,1.0,0.25,1.875
0.8,0.05,0.15,1.0,0.5,2.25
0.8,0.05,0.15,2.0,0.125,3.188
0.8,0.05,0.15,2.0,0.25,3.375
0.8,0.05,0.15,2.0,0.5,3.75
0.8,0.05,0.15,2.0,1.0,4.5
0.8,0.05,0.15,4.0,0.125,6.188
0.8,0.05,0.15,4.0,0.25,6.375
0.8,0.05,0.15,4.0,0.5,6.75
0.8,0.05,0.15,4.0,1.0,7.5
0.8,0.05,0.15,4.0,2.0,9.0
0.8,0.1,0.1,0.25,0.125,0.375
0.8,0.1,0.1,0.5,0.125,0.625
0.8,0.1,0.1,0.5,0.25,0.75
0.8,0.1,0.1,1.0,0.125,1.125
0.8,0.1,0.1,1.0,0.25,1.25
0.8,0.1,0.1,1.0,0.5,1.5
0.8,0.1,0.1,2.0,0.125,2.125
0.8,0.1,0.1,2.0,0.25,2.25
0.8,0.1,0.1,2.0,0.5,2.5
0.8,0.1,0.1,2.0,1.0,3.0
0.8,0.1,0.1,4.0,0.125,4.125
0.8,0.1,0.1,4.0,0.25,4.25
0.8,0.1,0.1,4.0,0.5,4.5
0.8,0.1,0.1,4.0,1.0,5.0
0.8,0.1,0.1,4.0,2.0,6.0
0.8,0.15,0.05,0.25,0.125,0.188
0.8,0.15,0.05,0.5,0.125,0.313
0.8,0.15,0.05,0.5,0.25,0.375
0.8,0.15,0.05,1.0,0.125,0.563
0.8,0.15,0.05,1.0,0.25,0.625
0.8,0.15,0.05,1.0,0.5,0.75
0.8,0.15,0.05,2.0,0.125,1.063
0.8,0.15,0.05,2.0,0.25,1.125
0.8,0.15,0.05,2.0,0.5,1.25
0.8,0.15,0.05,2.0,1.0,1.5
0.8,0.15,0.05,4.0,0.125,2.063
0.8,0.15,0.05,4.0,0.25,2.125
0.8,0.15,0.05,4.0,0.5,2.25
0.8,0.15,0.05,4.0,1.0,2.5
0.8,0.15,0.05,4.0,2.0,3.0
0.8,0.2,0.0,0.25,0.125,0.0
0.8,0.2,0.0,0.5,0.125,0.0
0.8,0.2,0.0,0.5,0.25,0.0
0.8,0.2,0.0,1.0,0.125,0.0
0.8,0.2,0.0,1.0,0.25,0.0
0.8,0.2,0.0,1.0,0.5,0.0
0.8,0.2,0.0,2.0,0.125,0.0
0.8,0.2,0.0,2.0,0.25,0.0
0.8,0.2,0.0,2.0,0.5,0.0
0.8,0.2,0.0,2.0,1.0,0.0
0.8,0.2,0.0,4.0,0.125,0.0
0.8,0.2,0.0,4.0,0.25,0.0
0.8,0.2,0.0,4.0,0.5,0.0
0.8,0.2,0.0,4.0,1.0,0.0
0.8,0.2,0.0,4.0,2.0,0.0
0.85,0.0,0.15,0.25,0.125,
0.85,0.0,0.15,0.5,0.125,
0.85,0.0,0.15,0.5,0.25,
0.85,0.0,0.15,1.0,0.125,
0.85,0.0,0.15,1.0,0.25,
0.85,0.0,0.15,1.0,0.5,
0.85,0.0,0.15,2.0,0.125,
0.85,0.0,0.15,2.0,0.25,
0.85,0.0,0.15,2.0,0.5,
0.85,0.0,0.15,2.0,1.0,
0.85,0.0,0.15,4.0,0.125,
0.85,0.0,0.15,4.0,0.25,
0.85,0.0,0.15,4.0,0.5,
0.85,0.0,0.15,4.0,1.0,
0.85,0.0,0.15,4.0,2.0,
0.85,0.05,0.1,0.25,0.125,0.375
0.85,0.05,0.1,0.5,0.125,0.625
0.85,0.05,0.1,0.5,0.25,0.75
0.85,0.05,0.1,1.0,0.125,1.125
0.85,0.05,0.1,1.0,0.25,1.25
0.85,0.05,0.1,1.0,0.5,1.5
0.85,0.05,0.1,2.0,0.125,2.125
0.85,0.05,0.1,2.0,0.25,2.25
0.85,0.05,0.1,2.0,0.5,2.5
0.85,0.05,0.1,2.0,1.0,3.0
0.85,0.05,0.1,4.0,0.125,4.125
0.85,0.05,0.1,4.0,0.25,4.25
0.85,0.05,0.1,4.0,0.5,4.5
0.85,0.05,0.1,4.0,1.0,5.0
0.85,0.05,0.1,4.0,2.0,6.0
0.85,0.1,0.05,0.25,0.125,0.188
0.85,0.1,0.05,0.5,0.125,0.313
0.85,0.1,0.05,0.5,0.25,0.375
0.85,0.1,0.05,1.0,0.125,0.563
0.85,0.1,0.05,1.0,0.25,0.625
0.85,0.1,0.05,1.0,0.5,0.75
0.85,0.1,0.05,2.0,0.125,1.063
0.85,0.1,0.05,2.0,0.25,1.125
0.85,0.1,0.05,2.0,0.5,1.25
0.85,0.1,0.05,2.0,1.0,1.5
0.85,0.1,0.05,4.0,0.125,2.063
0.85,0.1,0.05,4.0,0.25,2.125
0.85,0.1,0.05,4.0,0.5,2.25
0.85,0.1,0.05,4.0,1.0,2.5
0.85,0.1,0.05,4.0,2.0,3.0
0.85,0.15,0.0,0.25,0.125,0.0
0.85,0.15,0.0,0.5,0.125,0.0
0.85,0.15,0.0,0.5,0.25,0.0
0.85,0.15,0.0,1.0,0.125,0.0
0.85,0.15,0.0,1.0,0.25,0.0
0.85,0.15,0.0,1.0,0.5,0.0
0.85,0.15,0.0,2.0,0.125,0.0
0.85,0.15,0.0,2.0,0.25,0.0
0.85,0.15,0.0,2.0,0.5,0.0
0.85,0.15,0.0,2.0,1.0,0.0
0.85,0.15,0.0,4.0,0.125,0.0
0.85,0.15,0.0,4.0,0.25,0.0
0.85,0.15,0.0,4.0,0.5,0.0
0.85,0.15,0.0,4.0,1.0,0.0
0.85,0.15,0.0,4.0,2.0,0.0
0.9,0.0,0.1,0.25,0.125,
0.9,0.0,0.1,0.5,0.125,
0.9,0.0,0.1,0.5,0.25,
0.9,0.0,0.1,1.0,0.125,
0.9,0.0,0.1,1.0,0.25,
0.9,0.0,0.1,1.0,0.5,
0.9,0.0,0.1,2.0,0.125,
0.9,0.0,0.1,2.0,0.25,
0.9,0.0,0.1,2.0,0.5,
0.9,0.0,0.1,2.0,1.0,
0.9,0.0,0.1,4.0,0.125,
0.9,0.0,0.1,4.0,0.25,
0.9,0.0,0.1,4.0,0.5,
0.9,0.0,0.1,4.0,1.0,
0.9,0.0,0.1,4.0,2.0,
0.9,0.05,0.05,0.25,0.125,0.188
0.9,0.05,0.05,0.5,0.125,0.312
0.9,0.05,0.05,0.5,0.25,0.375
0.9,0.05,0.05,1.0,0.125,0.562
0.9,0.05,0.05,1.0,0.25,0.625
0.9,0.05,0.05,1.0,0.5,0.75
0.9,0.05,0.05,2.0,0.125,1.062
0.9,0.05,0.05,2.0,0.25,1.125
0.9,0.05,0.05,2.0,0.5,1.25
0.9,0.05,0.05,2.0,1.0,1.5
0.9,0.05,0.05,4.0,0.125,2.063
0.9,0.05,0.05,4.0,0.25,2.125
0.9,0.05,0.05,4.0,0.5,2.25
0.9,0.05,0.05,4.0,1.0,2.5
0.9,0.05,0.05,4.0,2.0,3.0
0.9,0.1,0.0,0.25,0.125,0.0
0.9,0.1,0.0,0.5,0.125,0.0
0.9,0.1,0.0,0.5,0.25,0.0
0.9,0.1,0.0,1.0,0.125,0.0
0.9,0.1,0.0,1.0,0.25,0.0
0.9,0.1,0.0,1.0,0.5,0.0
0.9,0.1,0.0,2.0,0.125,0.0
0.9,0.1,0.0,2.0,0.25,0.0
0.9,0.1,0.0,2.0,0.5,0.0
0.9,0.1,0.0,2.0,1.0,0.0
0.9,0.1,0.0,4.0,0.125,0.0
0.9,0.1,0.0,4.0,0.25,0.0
0.9,0.1,0.0,4.0,0.5,0.0
0.9,0.1,0.0,4.0,1.0,0.0
0.9,0.1,0.0,4.0,2.0,0.0
0.95,0.0,0.05,0.25,0.125,
0.95,0.0,0.05,0.5,0.125,
0.95,0.0,0.05,0.5,0.25,
0.95,0.0,0.05,1.0,0.125,
0.95,0.0,0.05,1.0,0.25,
0.95,0.0,0.05,1.0,0.5,
0.95,0.0,0.05,2.0,0.125,
0.95,0.0,0.05,2.0,0.25,
0.95,0.0,0.05,2.0,0.5,
0.95,0.0,0.05,2.0,1.0,
0.95,0.0,0.05,4.0,0.125,
0.95,0.0,0.05,4.0,0.25,
0.95,0.0,0.05,4.0,0.5,
0.95,0.0,0.05,4.0,1.0,
0.95,0.0,0.05,4.0,2.0,
0.95,0.05,0.0,0.25,0.125,0.0
0.95,0.05,0.0,0.5,0.125,0.0
0.95,0.05,0.0,0.5,0.25,0.0
0.95,0.05,0.0,1.0,0.125,0.0
0.95,0.05,0.0,1.0,0.25,0.0
0.95,0.05,0.0,1.0,0.5,0.0
0.95,0.05,0.0,2.0,0.125,0.0
0.95,0.05,0.0,2.0,0.25,0.0
0.95,0.05,0.0,2.0,0.5,0.0
0.95,0.05,0.0,2.0,1.0,0.0
0.95,0.05,0.0,4.0,0.125,0.0
0.95,0.05,0.0,4.0,0.25,0.0
0.95,0.05,0.0,4.0,0.5,0.0
0.95,0.05,0.0,4.0,1.0,0.0
0.95,0.05,0.0,4.0,2.0,0.0
1.0,0.0,0.0,0.25,0.125,
1.0,0.0,0.0,0.5,0.125,
1.0,0.0,0.0,0.5,0.25,
1.0,0.0,0.0,1.0,0.125,
1.0,0.0,0.0,1.0,0.25,
1.0,0.0,0.0,1.0,0.5,
1.0,0.0,0.0,2.0,0.125,
1.0,0.0,0.0,2.0,0.25,
1.0,0.0,0.0,2.0,0.5,
1.0,0.0,0.0,2.0,1.0,
1.0,0.0,0.0,4.0,0.125,
1.0,0.0,0.0,4.0,0.25,
1.0,0.0,0.0,4.0,0.5,
1.0,0.0,0.0,4.0,1.0,
1.0,0.0,0.0,4.0,2.0,
