[NPM1]_WT_median,[NPM1]_Halo_median,[NPM1]_FAST_median,Gamma1,Gamma2,GVR_median,GVR_std
0.0,0.0,1.0,0.25,0.125,3.536,0.151
0.0,0.0,1.0,0.5,0.125,5.894,0.251
0.0,0.0,1.0,1.0,0.125,10.608,0.452
0.0,0.0,1.0,1.0,0.5,14.145,0.603
0.0,0.0,1.0,2.0,0.125,20.038,0.854
0.0,0.0,1.0,2.0,0.5,23.574,1.004
0.0,0.0,1.0,2.0,1.0,28.289,1.205
0.0,0.0,1.0,4.0,0.125,38.898,1.657
0.0,0.0,1.0,4.0,0.5,42.434,1.808
0.0,0.0,1.0,4.0,1.0,47.149,2.009
0.0,0.0,1.0,4.0,2.0,56.578,2.41
0.0,0.05,0.95,0.25,0.125,3.502,0.154
0.0,0.05,0.95,0.5,0.125,5.837,0.257
0.0,0.05,0.95,1.0,0.125,10.506,0.462
0.0,0.05,0.95,1.0,0.5,14.008,0.616
0.0,0.05,0.95,2.0,0.125,19.844,0.873
0.0,0.05,0.95,2.0,0.5,23.346,1.027
0.0,0.05,0.95,2.0,1.0,28.015,1.233
0.0,0.05,0.95,4.0,0.125,38.521,1.695
0.0,0.05,0.95,4.0,0.5,42.023,1.849
0.0,0.05,0.95,4.0,1.0,46.692,2.055
0.0,0.05,0.95,4.0,2.0,56.031,2.466
0.0,0.1,0.9,0.25,0.125,3.275,0.178
0.0,0.1,0.9,0.5,0.125,5.458,0.297
0.0,0.1,0.9,1.0,0.125,9.824,0.534
0.0,0.1,0.9,1.0,0.5,13.099,0.713
0.0,0.1,0.9,2.0,0.125,18.556,1.009
0.0,0.1,0.9,2.0,0.5,21.831,1.188
0.0,0.1,0.9,2.0,1.0,26.197,1.425
0.0,0.1,0.9,4.0,0.125,36.021,1.96
0.0,0.1,0.9,4.0,0.5,39.296,2.138
0.0,0.1,0.9,4.0,1.0,43.662,2.375
0.0,0.1,0.9,4.0,2.0,52.394,2.85
0.0,0.15,0.85,0.25,0.125,3.105,0.172
0.0,0.15,0.85,0.5,0.125,5.174,0.287
0.0,0.15,0.85,1.0,0.125,9.314,0.517
0.0,0.15,0.85,1.0,0.5,12.418,0.689
0.0,0.15,0.85,2.0,0.125,17.593,0.976
0.0,0.15,0.85,2.0,0.5,20.697,1.149
0.0,0.15,0.85,2.0,1.0,24.837,1.378
0.0,0.15,0.85,4.0,0.125,34.151,1.895
0.0,0.15,0.85,4.0,0.5,37.255,2.068
0.0,0.15,0.85,4.0,1.0,41.395,2.297
0.0,0.15,0.85,4.0,2.0,49.674,2.757
0.0,0.2,0.8,0.25,0.125,2.946,0.171
0.0,0.2,0.8,0.5,0.125,4.91,0.284
0.0,0.2,0.8,1.0,0.125,8.837,0.512
0.0,0.2,0.8,1.0,0.5,11.783,0.682
0.0,0.2,0.8,2.0,0.125,16.692,0.966
0.0,0.2,0.8,2.0,0.5,19.638,1.137
0.0,0.2,0.8,2.0,1.0,23.566,1.364
0.0,0.2,0.8,4.0,0.125,32.403,1.876
0.0,0.2,0.8,4.0,0.5,35.349,2.046
0.0,0.2,0.8,4.0,1.0,39.276,2.274
0.0,0.2,0.8,4.0,2.0,47.131,2.728
0.0,0.25,0.75,0.25,0.125,2.768,0.153
0.0,0.25,0.75,0.5,0.125,4.613,0.255
0.0,0.25,0.75,1.0,0.125,8.303,0.458
0.0,0.25,0.75,1.0,0.5,11.071,0.611
0.0,0.25,0.75,2.0,0.125,15.684,0.865
0.0,0.25,0.75,2.0,0.5,18.452,1.018
0.0,0.25,0.75,2.0,1.0,22.143,1.222
0.0,0.25,0.75,4.0,0.125,30.446,1.68
0.0,0.25,0.75,4.0,0.5,33.214,1.833
0.0,0.25,0.75,4.0,1.0,36.904,2.036
0.0,0.25,0.75,4.0,2.0,44.285,2.443
0.0,0.3,0.7,0.25,0.125,2.602,0.148
0.0,0.3,0.7,0.5,0.125,4.336,0.246
0.0,0.3,0.7,1.0,0.125,7.805,0.443
0.0,0.3,0.7,1.0,0.5,10.407,0.59
0.0,0.3,0.7,2.0,0.125,14.743,0.836
0.0,0.3,0.7,2.0,0.5,17.345,0.984
0.0,0.3,0.7,2.0,1.0,20.814,1.181
0.0,0.3,0.7,4.0,0.125,28.619,1.624
0.0,0.3,0.7,4.0,0.5,31.221,1.771
0.0,0.3,0.7,4.0,1.0,34.69,1.968
0.0,0.3,0.7,4.0,2.0,41.628,2.362
0.0,0.35,0.65,0.25,0.125,2.396,0.122
0.0,0.35,0.65,0.5,0.125,3.994,0.204
0.0,0.35,0.65,1.0,0.125,7.188,0.366
0.0,0.35,0.65,1.0,0.5,9.584,0.489
0.0,0.35,0.65,2.0,0.125,13.578,0.692
0.0,0.35,0.65,2.0,0.5,15.974,0.814
0.0,0.35,0.65,2.0,1.0,19.169,0.977
0.0,0.35,0.65,4.0,0.125,26.357,1.343
0.0,0.35,0.65,4.0,0.5,28.753,1.466
0.0,0.35,0.65,4.0,1.0,31.948,1.628
0.0,0.35,0.65,4.0,2.0,38.338,1.954
0.0,0.4,0.6,0.25,0.125,2.231,0.147
0.0,0.4,0.6,0.5,0.125,3.718,0.245
0.0,0.4,0.6,1.0,0.125,6.693,0.441
0.0,0.4,0.6,1.0,0.5,8.923,0.588
0.0,0.4,0.6,2.0,0.125,12.642,0.833
0.0,0.4,0.6,2.0,0.5,14.872,0.98
0.0,0.4,0.6,2.0,1.0,17.847,1.176
0.0,0.4,0.6,4.0,0.125,24.54,1.617
0.0,0.4,0.6,4.0,0.5,26.77,1.764
0.0,0.4,0.6,4.0,1.0,29.745,1.96
0.0,0.4,0.6,4.0,2.0,35.694,2.352
0.0,0.45,0.55,0.25,0.125,2.021,0.135
0.0,0.45,0.55,0.5,0.125,3.368,0.225
0.0,0.45,0.55,1.0,0.125,6.063,0.405
0.0,0.45,0.55,1.0,0.5,8.084,0.54
0.0,0.45,0.55,2.0,0.125,11.452,0.765
0.0,0.45,0.55,2.0,0.5,13.473,0.9
0.0,0.45,0.55,2.0,1.0,16.168,1.079
0.0,0.45,0.55,4.0,0.125,22.231,1.484
0.0,0.45,0.55,4.0,0.5,24.252,1.619
0.0,0.45,0.55,4.0,1.0,26.947,1.799
0.0,0.45,0.55,4.0,2.0,32.336,2.159
0.0,0.5,0.5,0.25,0.125,1.804,0.142
0.0,0.5,0.5,0.5,0.125,3.007,0.236
0.0,0.5,0.5,1.0,0.125,5.412,0.425
0.0,0.5,0.5,1.0,0.5,7.216,0.567
0.0,0.5,0.5,2.0,0.125,10.222,0.803
0.0,0.5,0.5,2.0,0.5,12.026,0.944
0.0,0.5,0.5,2.0,1.0,14.432,1.133
0.0,0.5,0.5,4.0,0.125,19.843,1.558
0.0,0.5,0.5,4.0,0.5,21.647,1.7
0.0,0.5,0.5,4.0,1.0,24.053,1.889
0.0,0.5,0.5,4.0,2.0,28.863,2.267
0.0,0.55,0.45,0.25,0.125,1.686,0.141
0.0,0.55,0.45,0.5,0.125,2.809,0.234
0.0,0.55,0.45,1.0,0.125,5.057,0.422
0.0,0.55,0.45,1.0,0.5,6.743,0.562
0.0,0.55,0.45,2.0,0.125,9.552,0.797
0.0,0.55,0.45,2.0,0.5,11.238,0.937
0.0,0.55,0.45,2.0,1.0,13.485,1.125
0.0,0.55,0.45,4.0,0.125,18.542,1.547
0.0,0.55,0.45,4.0,0.5,20.228,1.687
0.0,0.55,0.45,4.0,1.0,22.475,1.875
0.0,0.55,0.45,4.0,2.0,26.971,2.25
0.0,0.6,0.4,0.25,0.125,1.493,0.14
0.0,0.6,0.4,0.5,0.125,2.488,0.233
0.0,0.6,0.4,1.0,0.125,4.479,0.42
0.0,0.6,0.4,1.0,0.5,5.972,0.559
0.0,0.6,0.4,2.0,0.125,8.46,0.792
0.0,0.6,0.4,2.0,0.5,9.953,0.932
0.0,0.6,0.4,2.0,1.0,11.944,1.119
0.0,0.6,0.4,4.0,0.125,16.423,1.538
0.0,0.6,0.4,4.0,0.5,17.916,1.678
0.0,0.6,0.4,4.0,1.0,19.906,1.865
0.0,0.6,0.4,4.0,2.0,23.887,2.238
0.0,0.65,0.35,0.25,0.125,1.294,0.138
0.0,0.65,0.35,0.5,0.125,2.156,0.229
0.0,0.65,0.35,1.0,0.125,3.881,0.413
0.0,0.65,0.35,1.0,0.5,5.174,0.55
0.0,0.65,0.35,2.0,0.125,7.33,0.779
0.0,0.65,0.35,2.0,0.5,8.623,0.917
0.0,0.65,0.35,2.0,1.0,10.348,1.1
0.0,0.65,0.35,4.0,0.125,14.229,1.513
0.0,0.65,0.35,4.0,0.5,15.522,1.65
0.0,0.65,0.35,4.0,1.0,17.247,1.833
0.0,0.65,0.35,4.0,2.0,20.696,2.2
0.0,0.7,0.3,0.25,0.125,1.102,0.144
0.0,0.7,0.3,0.5,0.125,1.836,0.239
0.0,0.7,0.3,1.0,0.125,3.305,0.431
0.0,0.7,0.3,1.0,0.5,4.406,0.574
0.0,0.7,0.3,2.0,0.125,6.242,0.814
0.0,0.7,0.3,2.0,0.5,7.344,0.957
0.0,0.7,0.3,2.0,1.0,8.813,1.149
0.0,0.7,0.3,4.0,0.125,12.117,1.58
0.0,0.7,0.3,4.0,0.5,13.219,1.723
0.0,0.7,0.3,4.0,1.0,14.688,1.915
0.0,0.7,0.3,4.0,2.0,17.625,2.298
0.0,0.75,0.25,0.25,0.125,0.902,0.144
0.0,0.75,0.25,0.5,0.125,1.504,0.239
0.0,0.75,0.25,1.0,0.125,2.707,0.431
0.0,0.75,0.25,1.0,0.5,3.609,0.574
0.0,0.75,0.25,2.0,0.125,5.113,0.813
0.0,0.75,0.25,2.0,0.5,6.015,0.957
0.0,0.75,0.25,2.0,1.0,7.218,1.148
0.0,0.75,0.25,4.0,0.125,9.924,1.579
0.0,0.75,0.25,4.0,0.5,10.827,1.722
0.0,0.75,0.25,4.0,1.0,12.03,1.914
0.0,0.75,0.25,4.0,2.0,14.436,2.297
0.0,0.8,0.2,0.25,0.125,0.729,0.134
0.0,0.8,0.2,0.5,0.125,1.215,0.224
0.0,0.8,0.2,1.0,0.125,2.187,0.402
0.0,0.8,0.2,1.0,0.5,2.916,0.537
0.0,0.8,0.2,2.0,0.125,4.131,0.76
0.0,0.8,0.2,2.0,0.5,4.86,0.894
0.0,0.8,0.2,2.0,1.0,5.832,1.073
0.0,0.8,0.2,4.0,0.125,8.018,1.476
0.0,0.8,0.2,4.0,0.5,8.747,1.61
0.0,0.8,0.2,4.0,1.0,9.719,1.789
0.0,0.8,0.2,4.0,2.0,11.663,2.147
0.0,0.85,0.15,0.25,0.125,0.543,0.151
0.0,0.85,0.15,0.5,0.125,0.905,0.252
0.0,0.85,0.15,1.0,0.125,1.629,0.453
0.0,0.85,0.15,1.0,0.5,2.172,0.604
0.0,0.85,0.15,2.0,0.125,3.077,0.856
0.0,0.85,0.15,2.0,0.5,3.62,1.007
0.0,0.85,0.15,2.0,1.0,4.344,1.208
0.0,0.85,0.15,4.0,0.125,5.972,1.661
0.0,0.85,0.15,4.0,0.5,6.515,1.812
0.0,0.85,0.15,4.0,1.0,7.239,2.013
0.0,0.85,0.15,4.0,2.0,8.687,2.416
0.0,0.9,0.1,0.25,0.125,0.375,0.172
0.0,0.9,0.1,0.5,0.125,0.626,0.287
0.0,0.9,0.1,1.0,0.125,1.126,0.516
0.0,0.9,0.1,1.0,0.5,1.501,0.688
0.0,0.9,0.1,2.0,0.125,2.127,0.975
0.0,0.9,0.1,2.0,0.5,2.502,1.147
0.0,0.9,0.1,2.0,1.0,3.003,1.376
0.0,0.9,0.1,4.0,0.125,4.129,1.893
0.0,0.9,0.1,4.0,0.5,4.504,2.065
0.0,0.9,0.1,4.0,1.0,5.004,2.294
0.0,0.9,0.1,4.0,2.0,6.005,2.753
0.0,0.95,0.05,0.25,0.125,0.204,0.155
0.0,0.95,0.05,0.5,0.125,0.34,0.258
0.0,0.95,0.05,1.0,0.125,0.611,0.465
0.0,0.95,0.05,1.0,0.5,0.815,0.62
0.0,0.95,0.05,2.0,0.125,1.154,0.879
0.0,0.95,0.05,2.0,0.5,1.358,1.034
0.0,0.95,0.05,2.0,1.0,1.63,1.241
0.0,0.95,0.05,4.0,0.125,2.241,1.706
0.0,0.95,0.05,4.0,0.5,2.445,1.861
0.0,0.95,0.05,4.0,1.0,2.716,2.068
0.0,0.95,0.05,4.0,2.0,3.26,2.481
0.0,1.0,0.0,0.25,0.125,0.0,0.099
0.0,1.0,0.0,0.5,0.125,0.0,0.165
0.0,1.0,0.0,1.0,0.125,0.0,0.297
0.0,1.0,0.0,1.0,0.5,0.0,0.397
0.0,1.0,0.0,2.0,0.125,0.0,0.562
0.0,1.0,0.0,2.0,0.5,0.0,0.661
0.0,1.0,0.0,2.0,1.0,0.0,0.793
0.0,1.0,0.0,4.0,0.125,0.0,1.091
0.0,1.0,0.0,4.0,0.5,0.0,1.19
0.0,1.0,0.0,4.0,1.0,0.0,1.322
0.0,1.0,0.0,4.0,2.0,0.0,1.587
0.05,0.0,0.95,0.25,0.125,3.375,0.165
0.05,0.0,0.95,0.5,0.125,5.625,0.275
0.05,0.0,0.95,1.0,0.125,10.125,0.495
0.05,0.0,0.95,1.0,0.5,13.5,0.66
0.05,0.0,0.95,2.0,0.125,19.124,0.935
0.05,0.0,0.95,2.0,0.5,22.499,1.1
0.05,0.0,0.95,2.0,1.0,26.999,1.321
0.05,0.0,0.95,4.0,0.125,37.124,1.816
0.05,0.0,0.95,4.0,0.5,40.499,1.981
0.05,0.0,0.95,4.0,1.0,44.999,2.201
0.05,0.0,0.95,4.0,2.0,53.998,2.641
0.05,0.05,0.9,0.25,0.125,3.365,0.216
0.05,0.05,0.9,0.5,0.125,5.609,0.36
0.05,0.05,0.9,1.0,0.125,10.096,0.649
0.05,0.05,0.9,1.0,0.5,13.461,0.865
0.05,0.05,0.9,2.0,0.125,19.07,1.226
0.05,0.05,0.9,2.0,0.5,22.435,1.442
0.05,0.05,0.9,2.0,1.0,26.922,1.73
0.05,0.05,0.9,4.0,0.125,37.017,2.379
0.05,0.05,0.9,4.0,0.5,40.383,2.595
0.05,0.05,0.9,4.0,1.0,44.87,2.884
0.05,0.05,0.9,4.0,2.0,53.844,3.461
0.05,0.1,0.85,0.25,0.125,3.116,0.199
0.05,0.1,0.85,0.5,0.125,5.194,0.332
0.05,0.1,0.85,1.0,0.125,9.349,0.598
0.05,0.1,0.85,1.0,0.5,12.466,0.798
0.05,0.1,0.85,2.0,0.125,17.66,1.13
0.05,0.1,0.85,2.0,0.5,20.777,1.329
0.05,0.1,0.85,2.0,1.0,24.932,1.595
0.05,0.1,0.85,4.0,0.125,34.281,2.193
0.05,0.1,0.85,4.0,0.5,37.398,2.393
0.05,0.1,0.85,4.0,1.0,41.553,2.658
0.05,0.1,0.85,4.0,2.0,49.864,3.19
0.05,0.15,0.8,0.25,0.125,2.994,0.214
0.05,0.15,0.8,0.5,0.125,4.99,0.357
0.05,0.15,0.8,1.0,0.125,8.982,0.642
0.05,0.15,0.8,1.0,0.5,11.975,0.856
0.05,0.15,0.8,2.0,0.125,16.965,1.213
0.05,0.15,0.8,2.0,0.5,19.959,1.427
0.05,0.15,0.8,2.0,1.0,23.951,1.713
0.05,0.15,0.8,4.0,0.125,32.932,2.355
0.05,0.15,0.8,4.0,0.5,35.926,2.569
0.05,0.15,0.8,4.0,1.0,39.918,2.855
0.05,0.15,0.8,4.0,2.0,47.901,3.426
0.05,0.2,0.75,0.25,0.125,2.796,0.196
0.05,0.2,0.75,0.5,0.125,4.66,0.327
0.05,0.2,0.75,1.0,0.125,8.389,0.589
0.05,0.2,0.75,1.0,0.5,11.185,0.786
0.05,0.2,0.75,2.0,0.125,15.845,1.113
0.05,0.2,0.75,2.0,0.5,18.641,1.309
0.05,0.2,0.75,2.0,1.0,22.37,1.571
0.05,0.2,0.75,4.0,0.125,30.758,2.16
0.05,0.2,0.75,4.0,0.5,33.554,2.357
0.05,0.2,0.75,4.0,1.0,37.283,2.618
0.05,0.2,0.75,4.0,2.0,44.739,3.142
0.05,0.25,0.7,0.25,0.125,2.64,0.165
0.05,0.25,0.7,0.5,0.125,4.399,0.275
0.05,0.25,0.7,1.0,0.125,7.919,0.496
0.05,0.25,0.7,1.0,0.5,10.559,0.661
0.05,0.25,0.7,2.0,0.125,14.958,0.936
0.05,0.25,0.7,2.0,0.5,17.598,1.101
0.05,0.25,0.7,2.0,1.0,21.118,1.322
0.05,0.25,0.7,4.0,0.125,29.037,1.817
0.05,0.25,0.7,4.0,0.5,31.676,1.983
0.05,0.25,0.7,4.0,1.0,35.196,2.203
0.05,0.25,0.7,4.0,2.0,42.235,2.643
0.05,0.3,0.65,0.25,0.125,2.419,0.174
0.05,0.3,0.65,0.5,0.125,4.031,0.289
0.05,0.3,0.65,1.0,0.125,7.256,0.521
0.05,0.3,0.65,1.0,0.5,9.675,0.694
0.05,0.3,0.65,2.0,0.125,13.707,0.984
0.05,0.3,0.65,2.0,0.5,16.125,1.157
0.05,0.3,0.65,2.0,1.0,19.35,1.389
0.05,0.3,0.65,4.0,0.125,26.607,1.91
0.05,0.3,0.65,4.0,0.5,29.026,2.083
0.05,0.3,0.65,4.0,1.0,32.251,2.315
0.05,0.3,0.65,4.0,2.0,38.701,2.778
0.05,0.35,0.6,0.25,0.125,2.255,0.154
0.05,0.35,0.6,0.5,0.125,3.759,0.256
0.05,0.35,0.6,1.0,0.125,6.766,0.461
0.05,0.35,0.6,1.0,0.5,9.021,0.614
0.05,0.35,0.6,2.0,0.125,12.78,0.87
0.05,0.35,0.6,2.0,0.5,15.035,1.024
0.05,0.35,0.6,2.0,1.0,18.043,1.229
0.05,0.35,0.6,4.0,0.125,24.808,1.69
0.05,0.35,0.6,4.0,0.5,27.064,1.843
0.05,0.35,0.6,4.0,1.0,30.071,2.048
0.05,0.35,0.6,4.0,2.0,36.085,2.458
0.05,0.4,0.55,0.25,0.125,2.11,0.151
0.05,0.4,0.55,0.5,0.125,3.517,0.252
0.05,0.4,0.55,1.0,0.125,6.331,0.453
0.05,0.4,0.55,1.0,0.5,8.441,0.604
0.05,0.4,0.55,2.0,0.125,11.959,0.856
0.05,0.4,0.55,2.0,0.5,14.069,1.007
0.05,0.4,0.55,2.0,1.0,16.883,1.209
0.05,0.4,0.55,4.0,0.125,23.214,1.662
0.05,0.4,0.55,4.0,0.5,25.324,1.813
0.05,0.4,0.55,4.0,1.0,28.138,2.014
0.05,0.4,0.55,4.0,2.0,33.766,2.417
0.05,0.45,0.5,0.25,0.125,1.884,0.175
0.05,0.45,0.5,0.5,0.125,3.14,0.291
0.05,0.45,0.5,1.0,0.125,5.652,0.524
0.05,0.45,0.5,1.0,0.5,7.535,0.699
0.05,0.45,0.5,2.0,0.125,10.675,0.99
0.05,0.45,0.5,2.0,0.5,12.559,1.164
0.05,0.45,0.5,2.0,1.0,15.071,1.397
0.05,0.45,0.5,4.0,0.125,20.723,1.921
0.05,0.45,0.5,4.0,0.5,22.606,2.096
0.05,0.45,0.5,4.0,1.0,25.118,2.329
0.05,0.45,0.5,4.0,2.0,30.142,2.794
0.05,0.5,0.45,0.25,0.125,1.651,0.165
0.05,0.5,0.45,0.5,0.125,2.752,0.274
0.05,0.5,0.45,1.0,0.125,4.953,0.494
0.05,0.5,0.45,1.0,0.5,6.604,0.659
0.05,0.5,0.45,2.0,0.125,9.356,0.933
0.05,0.5,0.45,2.0,0.5,11.007,1.098
0.05,0.5,0.45,2.0,1.0,13.209,1.317
0.05,0.5,0.45,4.0,0.125,18.162,1.811
0.05,0.5,0.45,4.0,0.5,19.813,1.976
0.05,0.5,0.45,4.0,1.0,22.015,2.195
0.05,0.5,0.45,4.0,2.0,26.418,2.634
0.05,0.55,0.4,0.25,0.125,1.48,0.149
0.05,0.55,0.4,0.5,0.125,2.466,0.249
0.05,0.55,0.4,1.0,0.125,4.439,0.448
0.05,0.55,0.4,1.0,0.5,5.919,0.598
0.05,0.55,0.4,2.0,0.125,8.385,0.847
0.05,0.55,0.4,2.0,0.5,9.865,0.996
0.05,0.55,0.4,2.0,1.0,11.838,1.196
0.05,0.55,0.4,4.0,0.125,16.277,1.644
0.05,0.55,0.4,4.0,0.5,17.757,1.794
0.05,0.55,0.4,4.0,1.0,19.73,1.993
0.05,0.55,0.4,4.0,2.0,23.676,2.392
0.05,0.6,0.35,0.25,0.125,1.316,0.144
0.05,0.6,0.35,0.5,0.125,2.194,0.24
0.05,0.6,0.35,1.0,0.125,3.949,0.432
0.05,0.6,0.35,1.0,0.5,5.265,0.576
0.05,0.6,0.35,2.0,0.125,7.459,0.816
0.05,0.6,0.35,2.0,0.5,8.775,0.96
0.05,0.6,0.35,2.0,1.0,10.53,1.152
0.05,0.6,0.35,4.0,0.125,14.479,1.584
0.05,0.6,0.35,4.0,0.5,15.796,1.729
0.05,0.6,0.35,4.0,1.0,17.551,1.921
0.05,0.6,0.35,4.0,2.0,21.061,2.305
0.05,0.65,0.3,0.25,0.125,1.095,0.157
0.05,0.65,0.3,0.5,0.125,1.825,0.261
0.05,0.65,0.3,1.0,0.125,3.285,0.47
0.05,0.65,0.3,1.0,0.5,4.381,0.627
0.05,0.65,0.3,2.0,0.125,6.206,0.888
0.05,0.65,0.3,2.0,0.5,7.301,1.045
0.05,0.65,0.3,2.0,1.0,8.761,1.254
0.05,0.65,0.3,4.0,0.125,12.046,1.724
0.05,0.65,0.3,4.0,0.5,13.142,1.881
0.05,0.65,0.3,4.0,1.0,14.602,2.09
0.05,0.65,0.3,4.0,2.0,17.522,2.508
0.05,0.7,0.25,0.25,0.125,0.912,0.138
0.05,0.7,0.25,0.5,0.125,1.52,0.231
0.05,0.7,0.25,1.0,0.125,2.736,0.415
0.05,0.7,0.25,1.0,0.5,3.648,0.554
0.05,0.7,0.25,2.0,0.125,5.168,0.784
0.05,0.7,0.25,2.0,0.5,6.08,0.923
0.05,0.7,0.25,2.0,1.0,7.296,1.107
0.05,0.7,0.25,4.0,0.125,10.032,1.522
0.05,0.7,0.25,4.0,0.5,10.944,1.661
0.05,0.7,0.25,4.0,1.0,12.16,1.845
0.05,0.7,0.25,4.0,2.0,14.592,2.214
0.05,0.75,0.2,0.25,0.125,0.738,0.138
0.05,0.75,0.2,0.5,0.125,1.23,0.231
0.05,0.75,0.2,1.0,0.125,2.214,0.415
0.05,0.75,0.2,1.0,0.5,2.952,0.553
0.05,0.75,0.2,2.0,0.125,4.182,0.784
0.05,0.75,0.2,2.0,0.5,4.921,0.922
0.05,0.75,0.2,2.0,1.0,5.905,1.107
0.05,0.75,0.2,4.0,0.125,8.119,1.522
0.05,0.75,0.2,4.0,0.5,8.857,1.66
0.05,0.75,0.2,4.0,1.0,9.841,1.844
0.05,0.75,0.2,4.0,2.0,11.809,2.213
0.05,0.8,0.15,0.25,0.125,0.553,0.17
0.05,0.8,0.15,0.5,0.125,0.922,0.283
0.05,0.8,0.15,1.0,0.125,1.659,0.509
0.05,0.8,0.15,1.0,0.5,2.212,0.679
0.05,0.8,0.15,2.0,0.125,3.134,0.962
0.05,0.8,0.15,2.0,0.5,3.687,1.132
0.05,0.8,0.15,2.0,1.0,4.424,1.359
0.05,0.8,0.15,4.0,0.125,6.084,1.868
0.05,0.8,0.15,4.0,0.5,6.637,2.038
0.05,0.8,0.15,4.0,1.0,7.374,2.264
0.05,0.8,0.15,4.0,2.0,8.849,2.717
0.05,0.85,0.1,0.25,0.125,0.342,0.169
0.05,0.85,0.1,0.5,0.125,0.569,0.281
0.05,0.85,0.1,1.0,0.125,1.025,0.506
0.05,0.85,0.1,1.0,0.5,1.366,0.675
0.05,0.85,0.1,2.0,0.125,1.936,0.956
0.05,0.85,0.1,2.0,0.5,2.277,1.125
0.05,0.85,0.1,2.0,1.0,2.733,1.35
0.05,0.85,0.1,4.0,0.125,3.757,1.856
0.05,0.85,0.1,4.0,0.5,4.099,2.025
0.05,0.85,0.1,4.0,1.0,4.554,2.249
0.05,0.85,0.1,4.0,2.0,5.465,2.699
0.05,0.9,0.05,0.25,0.125,0.209,0.155
0.05,0.9,0.05,0.5,0.125,0.348,0.258
0.05,0.9,0.05,1.0,0.125,0.627,0.464
0.05,0.9,0.05,1.0,0.5,0.836,0.618
0.05,0.9,0.05,2.0,0.125,1.184,0.876
0.05,0.9,0.05,2.0,0.5,1.393,1.031
0.05,0.9,0.05,2.0,1.0,1.671,1.237
0.05,0.9,0.05,4.0,0.125,2.298,1.701
0.05,0.9,0.05,4.0,0.5,2.507,1.855
0.05,0.9,0.05,4.0,1.0,2.785,2.061
0.05,0.9,0.05,4.0,2.0,3.342,2.474
0.05,0.95,0.0,0.25,0.125,0.009,0.103
0.05,0.95,0.0,0.5,0.125,0.014,0.172
0.05,0.95,0.0,1.0,0.125,0.026,0.31
0.05,0.95,0.0,1.0,0.5,0.035,0.414
0.05,0.95,0.0,2.0,0.125,0.049,0.586
0.05,0.95,0.0,2.0,0.5,0.058,0.69
0.05,0.95,0.0,2.0,1.0,0.07,0.828
0.05,0.95,0.0,4.0,0.125,0.096,1.138
0.05,0.95,0.0,4.0,0.5,0.104,1.242
0.05,0.95,0.0,4.0,1.0,0.116,1.38
0.05,0.95,0.0,4.0,2.0,0.139,1.656
0.1,0.0,0.9,0.25,0.125,3.309,0.192
0.1,0.0,0.9,0.5,0.125,5.515,0.32
0.1,0.0,0.9,1.0,0.125,9.926,0.576
0.1,0.0,0.9,1.0,0.5,13.235,0.769
0.1,0.0,0.9,2.0,0.125,18.75,1.089
0.1,0.0,0.9,2.0,0.5,22.059,1.281
0.1,0.0,0.9,2.0,1.0,26.471,1.537
0.1,0.0,0.9,4.0,0.125,36.397,2.114
0.1,0.0,0.9,4.0,0.5,39.706,2.306
0.1,0.0,0.9,4.0,1.0,44.118,2.562
0.1,0.0,0.9,4.0,2.0,52.941,3.074
0.1,0.05,0.85,0.25,0.125,3.186,0.206
0.1,0.05,0.85,0.5,0.125,5.31,0.344
0.1,0.05,0.85,1.0,0.125,9.557,0.619
0.1,0.05,0.85,1.0,0.5,12.743,0.826
0.1,0.05,0.85,2.0,0.125,18.052,1.17
0.1,0.05,0.85,2.0,0.5,21.238,1.376
0.1,0.05,0.85,2.0,1.0,25.486,1.651
0.1,0.05,0.85,4.0,0.125,35.043,2.27
0.1,0.05,0.85,4.0,0.5,38.228,2.477
0.1,0.05,0.85,4.0,1.0,42.476,2.752
0.1,0.05,0.85,4.0,2.0,50.971,3.303
0.1,0.1,0.8,0.25,0.125,3.02,0.186
0.1,0.1,0.8,0.5,0.125,5.034,0.309
0.1,0.1,0.8,1.0,0.125,9.061,0.557
0.1,0.1,0.8,1.0,0.5,12.081,0.743
0.1,0.1,0.8,2.0,0.125,17.115,1.052
0.1,0.1,0.8,2.0,0.5,20.135,1.238
0.1,0.1,0.8,2.0,1.0,24.162,1.485
0.1,0.1,0.8,4.0,0.125,33.223,2.042
0.1,0.1,0.8,4.0,0.5,36.244,2.228
0.1,0.1,0.8,4.0,1.0,40.271,2.475
0.1,0.1,0.8,4.0,2.0,48.325,2.971
0.1,0.15,0.75,0.25,0.125,2.831,0.196
0.1,0.15,0.75,0.5,0.125,4.718,0.327
0.1,0.15,0.75,1.0,0.125,8.492,0.589
0.1,0.15,0.75,1.0,0.5,11.323,0.785
0.1,0.15,0.75,2.0,0.125,16.041,1.112
0.1,0.15,0.75,2.0,0.5,18.872,1.308
0.1,0.15,0.75,2.0,1.0,22.646,1.57
0.1,0.15,0.75,4.0,0.125,31.139,2.159
0.1,0.15,0.75,4.0,0.5,33.97,2.355
0.1,0.15,0.75,4.0,1.0,37.744,2.617
0.1,0.15,0.75,4.0,2.0,45.293,3.14
0.1,0.2,0.7,0.25,0.125,2.603,0.176
0.1,0.2,0.7,0.5,0.125,4.338,0.294
0.1,0.2,0.7,1.0,0.125,7.808,0.529
0.1,0.2,0.7,1.0,0.5,10.411,0.705
0.1,0.2,0.7,2.0,0.125,14.749,0.999
0.1,0.2,0.7,2.0,0.5,17.352,1.175
0.1,0.2,0.7,2.0,1.0,20.823,1.41
0.1,0.2,0.7,4.0,0.125,28.631,1.939
0.1,0.2,0.7,4.0,0.5,31.234,2.116
0.1,0.2,0.7,4.0,1.0,34.704,2.351
0.1,0.2,0.7,4.0,2.0,41.645,2.821
0.1,0.25,0.65,0.25,0.125,2.412,0.176
0.1,0.25,0.65,0.5,0.125,4.021,0.293
0.1,0.25,0.65,1.0,0.125,7.237,0.527
0.1,0.25,0.65,1.0,0.5,9.649,0.703
0.1,0.25,0.65,2.0,0.125,13.67,0.996
0.1,0.25,0.65,2.0,0.5,16.082,1.172
0.1,0.25,0.65,2.0,1.0,19.299,1.406
0.1,0.25,0.65,4.0,0.125,26.536,1.934
0.1,0.25,0.65,4.0,0.5,28.948,2.109
0.1,0.25,0.65,4.0,1.0,32.165,2.344
0.1,0.25,0.65,4.0,2.0,38.597,2.813
0.1,0.3,0.6,0.25,0.125,2.281,0.189
0.1,0.3,0.6,0.5,0.125,3.802,0.314
0.1,0.3,0.6,1.0,0.125,6.844,0.566
0.1,0.3,0.6,1.0,0.5,9.125,0.754
0.1,0.3,0.6,2.0,0.125,12.928,1.068
0.1,0.3,0.6,2.0,0.5,15.209,1.257
0.1,0.3,0.6,2.0,1.0,18.251,1.508
0.1,0.3,0.6,4.0,0.125,25.095,2.074
0.1,0.3,0.6,4.0,0.5,27.376,2.262
0.1,0.3,0.6,4.0,1.0,30.418,2.514
0.1,0.3,0.6,4.0,2.0,36.501,3.016
0.1,0.35,0.55,0.25,0.125,2.05,0.176
0.1,0.35,0.55,0.5,0.125,3.417,0.293
0.1,0.35,0.55,1.0,0.125,6.15,0.528
0.1,0.35,0.55,1.0,0.5,8.2,0.704
0.1,0.35,0.55,2.0,0.125,11.617,0.997
0.1,0.35,0.55,2.0,0.5,13.667,1.173
0.1,0.35,0.55,2.0,1.0,16.4,1.408
0.1,0.35,0.55,4.0,0.125,22.55,1.935
0.1,0.35,0.55,4.0,0.5,24.6,2.111
0.1,0.35,0.55,4.0,1.0,27.333,2.346
0.1,0.35,0.55,4.0,2.0,32.8,2.815
0.1,0.4,0.5,0.25,0.125,1.864,0.162
0.1,0.4,0.5,0.5,0.125,3.106,0.27
0.1,0.4,0.5,1.0,0.125,5.591,0.486
0.1,0.4,0.5,1.0,0.5,7.455,0.647
0.1,0.4,0.5,2.0,0.125,10.561,0.917
0.1,0.4,0.5,2.0,0.5,12.425,1.079
0.1,0.4,0.5,2.0,1.0,14.91,1.295
0.1,0.4,0.5,4.0,0.125,20.502,1.78
0.1,0.4,0.5,4.0,0.5,22.365,1.942
0.1,0.4,0.5,4.0,1.0,24.85,2.158
0.1,0.4,0.5,4.0,2.0,29.82,2.589
0.1,0.45,0.45,0.25,0.125,1.673,0.138
0.1,0.45,0.45,0.5,0.125,2.788,0.23
0.1,0.45,0.45,1.0,0.125,5.019,0.414
0.1,0.45,0.45,1.0,0.5,6.692,0.553
0.1,0.45,0.45,2.0,0.125,9.48,0.783
0.1,0.45,0.45,2.0,0.5,11.153,0.921
0.1,0.45,0.45,2.0,1.0,13.384,1.105
0.1,0.45,0.45,4.0,0.125,18.403,1.52
0.1,0.45,0.45,4.0,0.5,20.076,1.658
0.1,0.45,0.45,4.0,1.0,22.307,1.842
0.1,0.45,0.45,4.0,2.0,26.768,2.21
0.1,0.5,0.4,0.25,0.125,1.491,0.157
0.1,0.5,0.4,0.5,0.125,2.485,0.262
0.1,0.5,0.4,1.0,0.125,4.473,0.471
0.1,0.5,0.4,1.0,0.5,5.964,0.629
0.1,0.5,0.4,2.0,0.125,8.449,0.89
0.1,0.5,0.4,2.0,0.5,9.94,1.048
0.1,0.5,0.4,2.0,1.0,11.928,1.257
0.1,0.5,0.4,4.0,0.125,16.401,1.729
0.1,0.5,0.4,4.0,0.5,17.892,1.886
0.1,0.5,0.4,4.0,1.0,19.88,2.095
0.1,0.5,0.4,4.0,2.0,23.856,2.514
0.1,0.55,0.35,0.25,0.125,1.319,0.175
0.1,0.55,0.35,0.5,0.125,2.198,0.291
0.1,0.55,0.35,1.0,0.125,3.957,0.524
0.1,0.55,0.35,1.0,0.5,5.276,0.699
0.1,0.55,0.35,2.0,0.125,7.474,0.99
0.1,0.55,0.35,2.0,0.5,8.793,1.165
0.1,0.55,0.35,2.0,1.0,10.552,1.398
0.1,0.55,0.35,4.0,0.125,14.509,1.922
0.1,0.55,0.35,4.0,0.5,15.828,2.097
0.1,0.55,0.35,4.0,1.0,17.586,2.33
0.1,0.55,0.35,4.0,2.0,21.103,2.796
0.1,0.6,0.3,0.25,0.125,1.126,0.172
0.1,0.6,0.3,0.5,0.125,1.877,0.287
0.1,0.6,0.3,1.0,0.125,3.378,0.516
0.1,0.6,0.3,1.0,0.5,4.505,0.688
0.1,0.6,0.3,2.0,0.125,6.382,0.974
0.1,0.6,0.3,2.0,0.5,7.508,1.146
0.1,0.6,0.3,2.0,1.0,9.009,1.376
0.1,0.6,0.3,4.0,0.125,12.388,1.892
0.1,0.6,0.3,4.0,0.5,13.514,2.064
0.1,0.6,0.3,4.0,1.0,15.015,2.293
0.1,0.6,0.3,4.0,2.0,18.018,2.751
0.1,0.65,0.25,0.25,0.125,0.928,0.143
0.1,0.65,0.25,0.5,0.125,1.546,0.239
0.1,0.65,0.25,1.0,0.125,2.783,0.43
0.1,0.65,0.25,1.0,0.5,3.711,0.574
0.1,0.65,0.25,2.0,0.125,5.257,0.813
0.1,0.65,0.25,2.0,0.5,6.185,0.956
0.1,0.65,0.25,2.0,1.0,7.422,1.148
0.1,0.65,0.25,4.0,0.125,10.205,1.578
0.1,0.65,0.25,4.0,0.5,11.133,1.722
0.1,0.65,0.25,4.0,1.0,12.37,1.913
0.1,0.65,0.25,4.0,2.0,14.844,2.296
0.1,0.7,0.2,0.25,0.125,0.74,0.163
0.1,0.7,0.2,0.5,0.125,1.233,0.271
0.1,0.7,0.2,1.0,0.125,2.219,0.488
0.1,0.7,0.2,1.0,0.5,2.958,0.65
0.1,0.7,0.2,2.0,0.125,4.191,0.921
0.1,0.7,0.2,2.0,0.5,4.931,1.083
0.1,0.7,0.2,2.0,1.0,5.917,1.3
0.1,0.7,0.2,4.0,0.125,8.136,1.788
0.1,0.7,0.2,4.0,0.5,8.875,1.95
0.1,0.7,0.2,4.0,1.0,9.862,2.167
0.1,0.7,0.2,4.0,2.0,11.834,2.6
0.1,0.75,0.15,0.25,0.125,0.561,0.146
0.1,0.75,0.15,0.5,0.125,0.934,0.244
0.1,0.75,0.15,1.0,0.125,1.682,0.438
0.1,0.75,0.15,1.0,0.5,2.242,0.584
0.1,0.75,0.15,2.0,0.125,3.176,0.828
0.1,0.75,0.15,2.0,0.5,3.737,0.974
0.1,0.75,0.15,2.0,1.0,4.484,1.169
0.1,0.75,0.15,4.0,0.125,6.166,1.607
0.1,0.75,0.15,4.0,0.5,6.726,1.753
0.1,0.75,0.15,4.0,1.0,7.474,1.948
0.1,0.75,0.15,4.0,2.0,8.968,2.338
0.1,0.8,0.1,0.25,0.125,0.394,0.173
0.1,0.8,0.1,0.5,0.125,0.657,0.289
0.1,0.8,0.1,1.0,0.125,1.182,0.519
0.1,0.8,0.1,1.0,0.5,1.576,0.692
0.1,0.8,0.1,2.0,0.125,2.232,0.981
0.1,0.8,0.1,2.0,0.5,2.626,1.154
0.1,0.8,0.1,2.0,1.0,3.152,1.385
0.1,0.8,0.1,4.0,0.125,4.333,1.904
0.1,0.8,0.1,4.0,0.5,4.727,2.077
0.1,0.8,0.1,4.0,1.0,5.253,2.308
0.1,0.8,0.1,4.0,2.0,6.303,2.77
0.1,0.85,0.05,0.25,0.125,0.162,0.137
0.1,0.85,0.05,0.5,0.125,0.27,0.228
0.1,0.85,0.05,1.0,0.125,0.486,0.411
0.1,0.85,0.05,1.0,0.5,0.648,0.548
0.1,0.85,0.05,2.0,0.125,0.918,0.776
0.1,0.85,0.05,2.0,0.5,1.08,0.913
0.1,0.85,0.05,2.0,1.0,1.296,1.095
0.1,0.85,0.05,4.0,0.125,1.782,1.506
0.1,0.85,0.05,4.0,0.5,1.943,1.643
0.1,0.85,0.05,4.0,1.0,2.159,1.826
0.1,0.85,0.05,4.0,2.0,2.591,2.191
0.1,0.9,0.0,0.25,0.125,0.014,0.105
0.1,0.9,0.0,0.5,0.125,0.024,0.176
0.1,0.9,0.0,1.0,0.125,0.043,0.316
0.1,0.9,0.0,1.0,0.5,0.057,0.422
0.1,0.9,0.0,2.0,0.125,0.081,0.598
0.1,0.9,0.0,2.0,0.5,0.095,0.703
0.1,0.9,0.0,2.0,1.0,0.114,0.844
0.1,0.9,0.0,4.0,0.125,0.157,1.16
0.1,0.9,0.0,4.0,0.5,0.172,1.266
0.1,0.9,0.0,4.0,1.0,0.191,1.407
0.1,0.9,0.0,4.0,2.0,0.229,1.688
0.15,0.0,0.85,0.25,0.125,3.037,0.172
0.15,0.0,0.85,0.5,0.125,5.061,0.287
0.15,0.0,0.85,1.0,0.125,9.111,0.517
0.15,0.0,0.85,1.0,0.5,12.148,0.69
0.15,0.0,0.85,2.0,0.125,17.209,0.977
0.15,0.0,0.85,2.0,0.5,20.246,1.149
0.15,0.0,0.85,2.0,1.0,24.295,1.379
0.15,0.0,0.85,4.0,0.125,33.406,1.896
0.15,0.0,0.85,4.0,0.5,36.443,2.069
0.15,0.0,0.85,4.0,1.0,40.492,2.299
0.15,0.0,0.85,4.0,2.0,48.59,2.758
0.15,0.05,0.8,0.25,0.125,2.966,0.185
0.15,0.05,0.8,0.5,0.125,4.944,0.309
0.15,0.05,0.8,1.0,0.125,8.899,0.556
0.15,0.05,0.8,1.0,0.5,11.866,0.741
0.15,0.05,0.8,2.0,0.125,16.81,1.05
0.15,0.05,0.8,2.0,0.5,19.776,1.236
0.15,0.05,0.8,2.0,1.0,23.732,1.483
0.15,0.05,0.8,4.0,0.125,32.631,2.039
0.15,0.05,0.8,4.0,0.5,35.597,2.224
0.15,0.05,0.8,4.0,1.0,39.553,2.471
0.15,0.05,0.8,4.0,2.0,47.463,2.965
0.15,0.1,0.75,0.25,0.125,2.838,0.197
0.15,0.1,0.75,0.5,0.125,4.731,0.328
0.15,0.1,0.75,1.0,0.125,8.515,0.59
0.15,0.1,0.75,1.0,0.5,11.353,0.787
0.15,0.1,0.75,2.0,0.125,16.084,1.115
0.15,0.1,0.75,2.0,0.5,18.922,1.311
0.15,0.1,0.75,2.0,1.0,22.707,1.573
0.15,0.1,0.75,4.0,0.125,31.221,2.164
0.15,0.1,0.75,4.0,0.5,34.06,2.36
0.15,0.1,0.75,4.0,1.0,37.844,2.622
0.15,0.1,0.75,4.0,2.0,45.413,3.147
0.15,0.15,0.7,0.25,0.125,2.618,0.178
0.15,0.15,0.7,0.5,0.125,4.364,0.296
0.15,0.15,0.7,1.0,0.125,7.855,0.534
0.15,0.15,0.7,1.0,0.5,10.474,0.712
0.15,0.15,0.7,2.0,0.125,14.838,1.008
0.15,0.15,0.7,2.0,0.5,17.456,1.186
0.15,0.15,0.7,2.0,1.0,20.947,1.423
0.15,0.15,0.7,4.0,0.125,28.803,1.957
0.15,0.15,0.7,4.0,0.5,31.421,2.135
0.15,0.15,0.7,4.0,1.0,34.912,2.372
0.15,0.15,0.7,4.0,2.0,41.895,2.846
0.15,0.2,0.65,0.25,0.125,2.429,0.208
0.15,0.2,0.65,0.5,0.125,4.049,0.347
0.15,0.2,0.65,1.0,0.125,7.288,0.625
0.15,0.2,0.65,1.0,0.5,9.717,0.834
0.15,0.2,0.65,2.0,0.125,13.766,1.181
0.15,0.2,0.65,2.0,0.5,16.195,1.39
0.15,0.2,0.65,2.0,1.0,19.434,1.668
0.15,0.2,0.65,4.0,0.125,26.722,2.293
0.15,0.2,0.65,4.0,0.5,29.151,2.502
0.15,0.2,0.65,4.0,1.0,32.39,2.78
0.15,0.2,0.65,4.0,2.0,38.868,3.336
0.15,0.25,0.6,0.25,0.125,2.228,0.175
0.15,0.25,0.6,0.5,0.125,3.713,0.292
0.15,0.25,0.6,1.0,0.125,6.684,0.525
0.15,0.25,0.6,1.0,0.5,8.912,0.7
0.15,0.25,0.6,2.0,0.125,12.625,0.992
0.15,0.25,0.6,2.0,0.5,14.853,1.167
0.15,0.25,0.6,2.0,1.0,17.824,1.4
0.15,0.25,0.6,4.0,0.125,24.508,1.926
0.15,0.25,0.6,4.0,0.5,26.736,2.101
0.15,0.25,0.6,4.0,1.0,29.707,2.334
0.15,0.25,0.6,4.0,2.0,35.648,2.801
0.15,0.3,0.55,0.25,0.125,2.082,0.179
0.15,0.3,0.55,0.5,0.125,3.47,0.299
0.15,0.3,0.55,1.0,0.125,6.246,0.537
0.15,0.3,0.55,1.0,0.5,8.328,0.716
0.15,0.3,0.55,2.0,0.125,11.798,1.015
0.15,0.3,0.55,2.0,0.5,13.88,1.194
0.15,0.3,0.55,2.0,1.0,16.655,1.433
0.15,0.3,0.55,4.0,0.125,22.901,1.97
0.15,0.3,0.55,4.0,0.5,24.983,2.149
0.15,0.3,0.55,4.0,1.0,27.759,2.388
0.15,0.3,0.55,4.0,2.0,33.311,2.866
0.15,0.35,0.5,0.25,0.125,1.901,0.156
0.15,0.35,0.5,0.5,0.125,3.168,0.261
0.15,0.35,0.5,1.0,0.125,5.703,0.469
0.15,0.35,0.5,1.0,0.5,7.604,0.625
0.15,0.35,0.5,2.0,0.125,10.772,0.886
0.15,0.35,0.5,2.0,0.5,12.673,1.042
0.15,0.35,0.5,2.0,1.0,15.207,1.25
0.15,0.35,0.5,4.0,0.125,20.91,1.719
0.15,0.35,0.5,4.0,0.5,22.811,1.876
0.15,0.35,0.5,4.0,1.0,25.345,2.084
0.15,0.35,0.5,4.0,2.0,30.414,2.501
0.15,0.4,0.45,0.25,0.125,1.72,0.168
0.15,0.4,0.45,0.5,0.125,2.866,0.279
0.15,0.4,0.45,1.0,0.125,5.159,0.503
0.15,0.4,0.45,1.0,0.5,6.879,0.671
0.15,0.4,0.45,2.0,0.125,9.745,0.95
0.15,0.4,0.45,2.0,0.5,11.464,1.118
0.15,0.4,0.45,2.0,1.0,13.757,1.341
0.15,0.4,0.45,4.0,0.125,18.916,1.844
0.15,0.4,0.45,4.0,0.5,20.636,2.012
0.15,0.4,0.45,4.0,1.0,22.929,2.235
0.15,0.4,0.45,4.0,2.0,27.514,2.682
0.15,0.45,0.4,0.25,0.125,1.476,0.157
0.15,0.45,0.4,0.5,0.125,2.46,0.261
0.15,0.45,0.4,1.0,0.125,4.429,0.47
0.15,0.45,0.4,1.0,0.5,5.905,0.627
0.15,0.45,0.4,2.0,0.125,8.366,0.888
0.15,0.45,0.4,2.0,0.5,9.842,1.045
0.15,0.45,0.4,2.0,1.0,11.81,1.254
0.15,0.45,0.4,4.0,0.125,16.239,1.725
0.15,0.45,0.4,4.0,0.5,17.715,1.881
0.15,0.45,0.4,4.0,1.0,19.684,2.091
0.15,0.45,0.4,4.0,2.0,23.62,2.509
0.15,0.5,0.35,0.25,0.125,1.303,0.168
0.15,0.5,0.35,0.5,0.125,2.172,0.28
0.15,0.5,0.35,1.0,0.125,3.909,0.504
0.15,0.5,0.35,1.0,0.5,5.212,0.672
0.15,0.5,0.35,2.0,0.125,7.384,0.952
0.15,0.5,0.35,2.0,0.5,8.687,1.121
0.15,0.5,0.35,2.0,1.0,10.425,1.345
0.15,0.5,0.35,4.0,0.125,14.334,1.849
0.15,0.5,0.35,4.0,0.5,15.637,2.017
0.15,0.5,0.35,4.0,1.0,17.375,2.241
0.15,0.5,0.35,4.0,2.0,20.85,2.689
0.15,0.55,0.3,0.25,0.125,1.134,0.17
0.15,0.55,0.3,0.5,0.125,1.889,0.284
0.15,0.55,0.3,1.0,0.125,3.401,0.511
0.15,0.55,0.3,1.0,0.5,4.535,0.681
0.15,0.55,0.3,2.0,0.125,6.424,0.965
0.15,0.55,0.3,2.0,0.5,7.558,1.135
0.15,0.55,0.3,2.0,1.0,9.07,1.362
0.15,0.55,0.3,4.0,0.125,12.471,1.873
0.15,0.55,0.3,4.0,0.5,13.604,2.043
0.15,0.55,0.3,4.0,1.0,15.116,2.27
0.15,0.55,0.3,4.0,2.0,18.139,2.724
0.15,0.6,0.25,0.25,0.125,0.95,0.155
0.15,0.6,0.25,0.5,0.125,1.583,0.259
0.15,0.6,0.25,1.0,0.125,2.849,0.466
0.15,0.6,0.25,1.0,0.5,3.798,0.621
0.15,0.6,0.25,2.0,0.125,5.381,0.88
0.15,0.6,0.25,2.0,0.5,6.33,1.035
0.15,0.6,0.25,2.0,1.0,7.596,1.242
0.15,0.6,0.25,4.0,0.125,10.445,1.708
0.15,0.6,0.25,4.0,0.5,11.394,1.863
0.15,0.6,0.25,4.0,1.0,12.66,2.07
0.15,0.6,0.25,4.0,2.0,15.192,2.484
0.15,0.65,0.2,0.25,0.125,0.754,0.162
0.15,0.65,0.2,0.5,0.125,1.257,0.27
0.15,0.65,0.2,1.0,0.125,2.263,0.485
0.15,0.65,0.2,1.0,0.5,3.017,0.647
0.15,0.65,0.2,2.0,0.125,4.275,0.916
0.15,0.65,0.2,2.0,0.5,5.029,1.078
0.15,0.65,0.2,2.0,1.0,6.035,1.294
0.15,0.65,0.2,4.0,0.125,8.298,1.779
0.15,0.65,0.2,4.0,0.5,9.052,1.941
0.15,0.65,0.2,4.0,1.0,10.058,2.156
0.15,0.65,0.2,4.0,2.0,12.07,2.587
0.15,0.7,0.15,0.25,0.125,0.569,0.166
0.15,0.7,0.15,0.5,0.125,0.948,0.277
0.15,0.7,0.15,1.0,0.125,1.706,0.498
0.15,0.7,0.15,1.0,0.5,2.274,0.665
0.15,0.7,0.15,2.0,0.125,3.222,0.941
0.15,0.7,0.15,2.0,0.5,3.791,1.108
0.15,0.7,0.15,2.0,1.0,4.549,1.329
0.15,0.7,0.15,4.0,0.125,6.255,1.828
0.15,0.7,0.15,4.0,0.5,6.823,1.994
0.15,0.7,0.15,4.0,1.0,7.582,2.215
0.15,0.7,0.15,4.0,2.0,9.098,2.658
0.15,0.75,0.1,0.25,0.125,0.375,0.183
0.15,0.75,0.1,0.5,0.125,0.626,0.305
0.15,0.75,0.1,1.0,0.125,1.126,0.548
0.15,0.75,0.1,1.0,0.5,1.502,0.731
0.15,0.75,0.1,2.0,0.125,2.128,1.035
0.15,0.75,0.1,2.0,0.5,2.503,1.218
0.15,0.75,0.1,2.0,1.0,3.004,1.462
0.15,0.75,0.1,4.0,0.125,4.13,2.01
0.15,0.75,0.1,4.0,0.5,4.506,2.193
0.15,0.75,0.1,4.0,1.0,5.006,2.436
0.15,0.75,0.1,4.0,2.0,6.007,2.924
0.15,0.8,0.05,0.25,0.125,0.185,0.167
0.15,0.8,0.05,0.5,0.125,0.308,0.279
0.15,0.8,0.05,1.0,0.125,0.554,0.501
0.15,0.8,0.05,1.0,0.5,0.739,0.668
0.15,0.8,0.05,2.0,0.125,1.047,0.947
0.15,0.8,0.05,2.0,0.5,1.231,1.114
0.15,0.8,0.05,2.0,1.0,1.478,1.337
0.15,0.8,0.05,4.0,0.125,2.032,1.838
0.15,0.8,0.05,4.0,0.5,2.216,2.005
0.15,0.8,0.05,4.0,1.0,2.463,2.228
0.15,0.8,0.05,4.0,2.0,2.955,2.674
0.15,0.85,0.0,0.25,0.125,0.001,0.09
0.15,0.85,0.0,0.5,0.125,0.002,0.149
0.15,0.85,0.0,1.0,0.125,0.004,0.269
0.15,0.85,0.0,1.0,0.5,0.005,0.358
0.15,0.85,0.0,2.0,0.125,0.007,0.508
0.15,0.85,0.0,2.0,0.5,0.008,0.597
0.15,0.85,0.0,2.0,1.0,0.01,0.717
0.15,0.85,0.0,4.0,0.125,0.013,0.986
0.15,0.85,0.0,4.0,0.5,0.015,1.075
0.15,0.85,0.0,4.0,1.0,0.016,1.195
0.15,0.85,0.0,4.0,2.0,0.02,1.434
0.2,0.0,0.8,0.25,0.125,2.881,0.153
0.2,0.0,0.8,0.5,0.125,4.802,0.254
0.2,0.0,0.8,1.0,0.125,8.643,0.458
0.2,0.0,0.8,1.0,0.5,11.524,0.611
0.2,0.0,0.8,2.0,0.125,16.326,0.865
0.2,0.0,0.8,2.0,0.5,19.207,1.018
0.2,0.0,0.8,2.0,1.0,23.049,1.221
0.2,0.0,0.8,4.0,0.125,31.692,1.679
0.2,0.0,0.8,4.0,0.5,34.573,1.832
0.2,0.0,0.8,4.0,1.0,38.415,2.036
0.2,0.0,0.8,4.0,2.0,46.098,2.443
0.2,0.05,0.75,0.25,0.125,2.748,0.167
0.2,0.05,0.75,0.5,0.125,4.58,0.279
0.2,0.05,0.75,1.0,0.125,8.244,0.502
0.2,0.05,0.75,1.0,0.5,10.992,0.669
0.2,0.05,0.75,2.0,0.125,15.573,0.948
0.2,0.05,0.75,2.0,0.5,18.321,1.116
0.2,0.05,0.75,2.0,1.0,21.985,1.339
0.2,0.05,0.75,4.0,0.125,30.229,1.841
0.2,0.05,0.75,4.0,0.5,32.977,2.008
0.2,0.05,0.75,4.0,1.0,36.641,2.231
0.2,0.05,0.75,4.0,2.0,43.97,2.677
0.2,0.1,0.7,0.25,0.125,2.584,0.171
0.2,0.1,0.7,0.5,0.125,4.306,0.284
0.2,0.1,0.7,1.0,0.125,7.751,0.512
0.2,0.1,0.7,1.0,0.5,10.335,0.683
0.2,0.1,0.7,2.0,0.125,14.641,0.967
0.2,0.1,0.7,2.0,0.5,17.224,1.138
0.2,0.1,0.7,2.0,1.0,20.669,1.365
0.2,0.1,0.7,4.0,0.125,28.42,1.877
0.2,0.1,0.7,4.0,0.5,31.004,2.048
0.2,0.1,0.7,4.0,1.0,34.449,2.275
0.2,0.1,0.7,4.0,2.0,41.339,2.73
0.2,0.15,0.65,0.25,0.125,2.398,0.195
0.2,0.15,0.65,0.5,0.125,3.997,0.325
0.2,0.15,0.65,1.0,0.125,7.194,0.584
0.2,0.15,0.65,1.0,0.5,9.592,0.779
0.2,0.15,0.65,2.0,0.125,13.589,1.104
0.2,0.15,0.65,2.0,0.5,15.987,1.298
0.2,0.15,0.65,2.0,1.0,19.184,1.558
0.2,0.15,0.65,4.0,0.125,26.378,2.142
0.2,0.15,0.65,4.0,0.5,28.776,2.337
0.2,0.15,0.65,4.0,1.0,31.974,2.597
0.2,0.15,0.65,4.0,2.0,38.368,3.116
0.2,0.2,0.6,0.25,0.125,2.249,0.186
0.2,0.2,0.6,0.5,0.125,3.748,0.31
0.2,0.2,0.6,1.0,0.125,6.747,0.559
0.2,0.2,0.6,1.0,0.5,8.996,0.745
0.2,0.2,0.6,2.0,0.125,12.744,1.055
0.2,0.2,0.6,2.0,0.5,14.993,1.241
0.2,0.2,0.6,2.0,1.0,17.992,1.49
0.2,0.2,0.6,4.0,0.125,24.739,2.048
0.2,0.2,0.6,4.0,0.5,26.988,2.234
0.2,0.2,0.6,4.0,1.0,29.987,2.483
0.2,0.2,0.6,4.0,2.0,35.984,2.979
0.2,0.25,0.55,0.25,0.125,2.08,0.16
0.2,0.25,0.55,0.5,0.125,3.466,0.267
0.2,0.25,0.55,1.0,0.125,6.24,0.481
0.2,0.25,0.55,1.0,0.5,8.319,0.642
0.2,0.25,0.55,2.0,0.125,11.786,0.909
0.2,0.25,0.55,2.0,0.5,13.866,1.07
0.2,0.25,0.55,2.0,1.0,16.639,1.284
0.2,0.25,0.55,4.0,0.125,22.878,1.765
0.2,0.25,0.55,4.0,0.5,24.958,1.926
0.2,0.25,0.55,4.0,1.0,27.731,2.14
0.2,0.25,0.55,4.0,2.0,33.277,2.568
0.2,0.3,0.5,0.25,0.125,1.92,0.191
0.2,0.3,0.5,0.5,0.125,3.2,0.319
0.2,0.3,0.5,1.0,0.125,5.761,0.574
0.2,0.3,0.5,1.0,0.5,7.681,0.766
0.2,0.3,0.5,2.0,0.125,10.881,1.085
0.2,0.3,0.5,2.0,0.5,12.801,1.277
0.2,0.3,0.5,2.0,1.0,15.361,1.532
0.2,0.3,0.5,4.0,0.125,21.122,2.106
0.2,0.3,0.5,4.0,0.5,23.042,2.298
0.2,0.3,0.5,4.0,1.0,25.602,2.553
0.2,0.3,0.5,4.0,2.0,30.723,3.064
0.2,0.35,0.45,0.25,0.125,1.673,0.163
0.2,0.35,0.45,0.5,0.125,2.789,0.271
0.2,0.35,0.45,1.0,0.125,5.02,0.488
0.2,0.35,0.45,1.0,0.5,6.693,0.651
0.2,0.35,0.45,2.0,0.125,9.481,0.922
0.2,0.35,0.45,2.0,0.5,11.155,1.085
0.2,0.35,0.45,2.0,1.0,13.386,1.302
0.2,0.35,0.45,4.0,0.125,18.405,1.79
0.2,0.35,0.45,4.0,0.5,20.078,1.952
0.2,0.35,0.45,4.0,1.0,22.309,2.169
0.2,0.35,0.45,4.0,2.0,26.771,2.603
0.2,0.4,0.4,0.25,0.125,1.518,0.151
0.2,0.4,0.4,0.5,0.125,2.531,0.251
0.2,0.4,0.4,1.0,0.125,4.555,0.452
0.2,0.4,0.4,1.0,0.5,6.074,0.602
0.2,0.4,0.4,2.0,0.125,8.604,0.853
0.2,0.4,0.4,2.0,0.5,10.123,1.003
0.2,0.4,0.4,2.0,1.0,12.147,1.204
0.2,0.4,0.4,4.0,0.125,16.703,1.656
0.2,0.4,0.4,4.0,0.5,18.221,1.806
0.2,0.4,0.4,4.0,1.0,20.246,2.007
0.2,0.4,0.4,4.0,2.0,24.295,2.408
0.2,0.45,0.35,0.25,0.125,1.338,0.142
0.2,0.45,0.35,0.5,0.125,2.229,0.237
0.2,0.45,0.35,1.0,0.125,4.013,0.427
0.2,0.45,0.35,1.0,0.5,5.35,0.57
0.2,0.45,0.35,2.0,0.125,7.58,0.807
0.2,0.45,0.35,2.0,0.5,8.917,0.95
0.2,0.45,0.35,2.0,1.0,10.701,1.14
0.2,0.45,0.35,4.0,0.125,14.714,1.567
0.2,0.45,0.35,4.0,0.5,16.051,1.709
0.2,0.45,0.35,4.0,1.0,17.835,1.899
0.2,0.45,0.35,4.0,2.0,21.402,2.279
0.2,0.5,0.3,0.25,0.125,1.084,0.157
0.2,0.5,0.3,0.5,0.125,1.806,0.261
0.2,0.5,0.3,1.0,0.125,3.251,0.47
0.2,0.5,0.3,1.0,0.5,4.335,0.627
0.2,0.5,0.3,2.0,0.125,6.141,0.888
0.2,0.5,0.3,2.0,0.5,7.224,1.045
0.2,0.5,0.3,2.0,1.0,8.669,1.254
0.2,0.5,0.3,4.0,0.125,11.92,1.724
0.2,0.5,0.3,4.0,0.5,13.004,1.881
0.2,0.5,0.3,4.0,1.0,14.449,2.09
0.2,0.5,0.3,4.0,2.0,17.338,2.507
0.2,0.55,0.25,0.25,0.125,0.931,0.145
0.2,0.55,0.25,0.5,0.125,1.552,0.242
0.2,0.55,0.25,1.0,0.125,2.793,0.435
0.2,0.55,0.25,1.0,0.5,3.724,0.58
0.2,0.55,0.25,2.0,0.125,5.275,0.822
0.2,0.55,0.25,2.0,0.5,6.206,0.967
0.2,0.55,0.25,2.0,1.0,7.448,1.16
0.2,0.55,0.25,4.0,0.125,10.241,1.596
0.2,0.55,0.25,4.0,0.5,11.172,1.741
0.2,0.55,0.25,4.0,1.0,12.413,1.934
0.2,0.55,0.25,4.0,2.0,14.895,2.321
0.2,0.6,0.2,0.25,0.125,0.779,0.182
0.2,0.6,0.2,0.5,0.125,1.298,0.303
0.2,0.6,0.2,1.0,0.125,2.336,0.545
0.2,0.6,0.2,1.0,0.5,3.114,0.727
0.2,0.6,0.2,2.0,0.125,4.412,1.029
0.2,0.6,0.2,2.0,0.5,5.19,1.211
0.2,0.6,0.2,2.0,1.0,6.228,1.453
0.2,0.6,0.2,4.0,0.125,8.564,1.998
0.2,0.6,0.2,4.0,0.5,9.343,2.18
0.2,0.6,0.2,4.0,1.0,10.381,2.422
0.2,0.6,0.2,4.0,2.0,12.457,2.906
0.2,0.65,0.15,0.25,0.125,0.546,0.165
0.2,0.65,0.15,0.5,0.125,0.91,0.275
0.2,0.65,0.15,1.0,0.125,1.638,0.495
0.2,0.65,0.15,1.0,0.5,2.183,0.66
0.2,0.65,0.15,2.0,0.125,3.093,0.936
0.2,0.65,0.15,2.0,0.5,3.639,1.101
0.2,0.65,0.15,2.0,1.0,4.367,1.321
0.2,0.65,0.15,4.0,0.125,6.005,1.816
0.2,0.65,0.15,4.0,0.5,6.55,1.981
0.2,0.65,0.15,4.0,1.0,7.278,2.202
0.2,0.65,0.15,4.0,2.0,8.734,2.642
0.2,0.7,0.1,0.25,0.125,0.349,0.176
0.2,0.7,0.1,0.5,0.125,0.582,0.293
0.2,0.7,0.1,1.0,0.125,1.048,0.527
0.2,0.7,0.1,1.0,0.5,1.398,0.703
0.2,0.7,0.1,2.0,0.125,1.98,0.996
0.2,0.7,0.1,2.0,0.5,2.33,1.171
0.2,0.7,0.1,2.0,1.0,2.796,1.406
0.2,0.7,0.1,4.0,0.125,3.844,1.933
0.2,0.7,0.1,4.0,0.5,4.193,2.108
0.2,0.7,0.1,4.0,1.0,4.659,2.343
0.2,0.7,0.1,4.0,2.0,5.591,2.811
0.2,0.75,0.05,0.25,0.125,0.202,0.167
0.2,0.75,0.05,0.5,0.125,0.337,0.278
0.2,0.75,0.05,1.0,0.125,0.606,0.5
0.2,0.75,0.05,1.0,0.5,0.808,0.667
0.2,0.75,0.05,2.0,0.125,1.145,0.945
0.2,0.75,0.05,2.0,0.5,1.347,1.111
0.2,0.75,0.05,2.0,1.0,1.616,1.333
0.2,0.75,0.05,4.0,0.125,2.222,1.834
0.2,0.75,0.05,4.0,0.5,2.424,2.0
0.2,0.75,0.05,4.0,1.0,2.694,2.222
0.2,0.75,0.05,4.0,2.0,3.232,2.667
0.2,0.8,0.0,0.25,0.125,0.027,0.105
0.2,0.8,0.0,0.5,0.125,0.045,0.176
0.2,0.8,0.0,1.0,0.125,0.08,0.316
0.2,0.8,0.0,1.0,0.5,0.107,0.421
0.2,0.8,0.0,2.0,0.125,0.152,0.597
0.2,0.8,0.0,2.0,0.5,0.179,0.702
0.2,0.8,0.0,2.0,1.0,0.214,0.843
0.2,0.8,0.0,4.0,0.125,0.295,1.159
0.2,0.8,0.0,4.0,0.5,0.321,1.264
0.2,0.8,0.0,4.0,1.0,0.357,1.405
0.2,0.8,0.0,4.0,2.0,0.429,1.686
0.25,0.0,0.75,0.25,0.125,2.705,0.174
0.25,0.0,0.75,0.5,0.125,4.509,0.29
0.25,0.0,0.75,1.0,0.125,8.115,0.523
0.25,0.0,0.75,1.0,0.5,10.821,0.697
0.25,0.0,0.75,2.0,0.125,15.329,0.987
0.25,0.0,0.75,2.0,0.5,18.034,1.161
0.25,0.0,0.75,2.0,1.0,21.641,1.393
0.25,0.0,0.75,4.0,0.125,29.757,1.916
0.25,0.0,0.75,4.0,0.5,32.462,2.09
0.25,0.0,0.75,4.0,1.0,36.069,2.322
0.25,0.0,0.75,4.0,2.0,43.282,2.787
0.25,0.05,0.7,0.25,0.125,2.566,0.166
0.25,0.05,0.7,0.5,0.125,4.277,0.276
0.25,0.05,0.7,1.0,0.125,7.699,0.497
0.25,0.05,0.7,1.0,0.5,10.266,0.662
0.25,0.05,0.7,2.0,0.125,14.543,0.938
0.25,0.05,0.7,2.0,0.5,17.11,1.104
0.25,0.05,0.7,2.0,1.0,20.532,1.325
0.25,0.05,0.7,4.0,0.125,28.231,1.822
0.25,0.05,0.7,4.0,0.5,30.797,1.987
0.25,0.05,0.7,4.0,1.0,34.219,2.208
0.25,0.05,0.7,4.0,2.0,41.063,2.65
0.25,0.1,0.65,0.25,0.125,2.393,0.176
0.25,0.1,0.65,0.5,0.125,3.989,0.294
0.25,0.1,0.65,1.0,0.125,7.18,0.529
0.25,0.1,0.65,1.0,0.5,9.574,0.706
0.25,0.1,0.65,2.0,0.125,13.563,1.0
0.25,0.1,0.65,2.0,0.5,15.957,1.176
0.25,0.1,0.65,2.0,1.0,19.148,1.411
0.25,0.1,0.65,4.0,0.125,26.328,1.94
0.25,0.1,0.65,4.0,0.5,28.722,2.117
0.25,0.1,0.65,4.0,1.0,31.913,2.352
0.25,0.1,0.65,4.0,2.0,38.296,2.822
0.25,0.15,0.6,0.25,0.125,2.267,0.17
0.25,0.15,0.6,0.5,0.125,3.779,0.283
0.25,0.15,0.6,1.0,0.125,6.802,0.51
0.25,0.15,0.6,1.0,0.5,9.069,0.68
0.25,0.15,0.6,2.0,0.125,12.847,0.963
0.25,0.15,0.6,2.0,0.5,15.115,1.133
0.25,0.15,0.6,2.0,1.0,18.138,1.36
0.25,0.15,0.6,4.0,0.125,24.939,1.87
0.25,0.15,0.6,4.0,0.5,27.206,2.04
0.25,0.15,0.6,4.0,1.0,30.229,2.266
0.25,0.15,0.6,4.0,2.0,36.275,2.72
0.25,0.2,0.55,0.25,0.125,2.047,0.197
0.25,0.2,0.55,0.5,0.125,3.412,0.329
0.25,0.2,0.55,1.0,0.125,6.141,0.592
0.25,0.2,0.55,1.0,0.5,8.188,0.789
0.25,0.2,0.55,2.0,0.125,11.599,1.118
0.25,0.2,0.55,2.0,0.5,13.646,1.315
0.25,0.2,0.55,2.0,1.0,16.375,1.578
0.25,0.2,0.55,4.0,0.125,22.516,2.17
0.25,0.2,0.55,4.0,0.5,24.563,2.367
0.25,0.2,0.55,4.0,1.0,27.292,2.63
0.25,0.2,0.55,4.0,2.0,32.75,3.156
0.25,0.25,0.5,0.25,0.125,1.857,0.182
0.25,0.25,0.5,0.5,0.125,3.095,0.304
0.25,0.25,0.5,1.0,0.125,5.571,0.547
0.25,0.25,0.5,1.0,0.5,7.428,0.729
0.25,0.25,0.5,2.0,0.125,10.523,1.033
0.25,0.25,0.5,2.0,0.5,12.381,1.215
0.25,0.25,0.5,2.0,1.0,14.857,1.458
0.25,0.25,0.5,4.0,0.125,20.428,2.005
0.25,0.25,0.5,4.0,0.5,22.285,2.188
0.25,0.25,0.5,4.0,1.0,24.761,2.431
0.25,0.25,0.5,4.0,2.0,29.713,2.917
0.25,0.3,0.45,0.25,0.125,1.711,0.156
0.25,0.3,0.45,0.5,0.125,2.851,0.26
0.25,0.3,0.45,1.0,0.125,5.132,0.468
0.25,0.3,0.45,1.0,0.5,6.843,0.624
0.25,0.3,0.45,2.0,0.125,9.694,0.884
0.25,0.3,0.45,2.0,0.5,11.405,1.04
0.25,0.3,0.45,2.0,1.0,13.686,1.248
0.25,0.3,0.45,4.0,0.125,18.818,1.716
0.25,0.3,0.45,4.0,0.5,20.528,1.872
0.25,0.3,0.45,4.0,1.0,22.809,2.08
0.25,0.3,0.45,4.0,2.0,27.371,2.495
0.25,0.35,0.4,0.25,0.125,1.474,0.15
0.25,0.35,0.4,0.5,0.125,2.457,0.25
0.25,0.35,0.4,1.0,0.125,4.422,0.449
0.25,0.35,0.4,1.0,0.5,5.896,0.599
0.25,0.35,0.4,2.0,0.125,8.353,0.848
0.25,0.35,0.4,2.0,0.5,9.827,0.998
0.25,0.35,0.4,2.0,1.0,11.792,1.198
0.25,0.35,0.4,4.0,0.125,16.214,1.647
0.25,0.35,0.4,4.0,0.5,17.688,1.797
0.25,0.35,0.4,4.0,1.0,19.653,1.996
0.25,0.35,0.4,4.0,2.0,23.584,2.396
0.25,0.4,0.35,0.25,0.125,1.272,0.156
0.25,0.4,0.35,0.5,0.125,2.119,0.26
0.25,0.4,0.35,1.0,0.125,3.815,0.468
0.25,0.4,0.35,1.0,0.5,5.086,0.624
0.25,0.4,0.35,2.0,0.125,7.206,0.884
0.25,0.4,0.35,2.0,0.5,8.477,1.04
0.25,0.4,0.35,2.0,1.0,10.173,1.248
0.25,0.4,0.35,4.0,0.125,13.988,1.715
0.25,0.4,0.35,4.0,0.5,15.259,1.871
0.25,0.4,0.35,4.0,1.0,16.955,2.079
0.25,0.4,0.35,4.0,2.0,20.346,2.495
0.25,0.45,0.3,0.25,0.125,1.124,0.142
0.25,0.45,0.3,0.5,0.125,1.873,0.237
0.25,0.45,0.3,1.0,0.125,3.372,0.427
0.25,0.45,0.3,1.0,0.5,4.496,0.57
0.25,0.45,0.3,2.0,0.125,6.37,0.807
0.25,0.45,0.3,2.0,0.5,7.494,0.95
0.25,0.45,0.3,2.0,1.0,8.993,1.14
0.25,0.45,0.3,4.0,0.125,12.365,1.567
0.25,0.45,0.3,4.0,0.5,13.489,1.71
0.25,0.45,0.3,4.0,1.0,14.988,1.9
0.25,0.45,0.3,4.0,2.0,17.985,2.28
0.25,0.5,0.25,0.25,0.125,0.914,0.138
0.25,0.5,0.25,0.5,0.125,1.523,0.229
0.25,0.5,0.25,1.0,0.125,2.741,0.413
0.25,0.5,0.25,1.0,0.5,3.655,0.55
0.25,0.5,0.25,2.0,0.125,5.178,0.779
0.25,0.5,0.25,2.0,0.5,6.092,0.917
0.25,0.5,0.25,2.0,1.0,7.31,1.1
0.25,0.5,0.25,4.0,0.125,10.051,1.513
0.25,0.5,0.25,4.0,0.5,10.965,1.65
0.25,0.5,0.25,4.0,1.0,12.183,1.834
0.25,0.5,0.25,4.0,2.0,14.62,2.2
0.25,0.55,0.2,0.25,0.125,0.751,0.175
0.25,0.55,0.2,0.5,0.125,1.251,0.292
0.25,0.55,0.2,1.0,0.125,2.252,0.526
0.25,0.55,0.2,1.0,0.5,3.003,0.701
0.25,0.55,0.2,2.0,0.125,4.254,0.993
0.25,0.55,0.2,2.0,0.5,5.005,1.168
0.25,0.55,0.2,2.0,1.0,6.006,1.402
0.25,0.55,0.2,4.0,0.125,8.258,1.928
0.25,0.55,0.2,4.0,0.5,9.009,2.103
0.25,0.55,0.2,4.0,1.0,10.01,2.337
0.25,0.55,0.2,4.0,2.0,12.012,2.804
0.25,0.6,0.15,0.25,0.125,0.583,0.169
0.25,0.6,0.15,0.5,0.125,0.971,0.282
0.25,0.6,0.15,1.0,0.125,1.748,0.507
0.25,0.6,0.15,1.0,0.5,2.33,0.677
0.25,0.6,0.15,2.0,0.125,3.301,0.958
0.25,0.6,0.15,2.0,0.5,3.884,1.128
0.25,0.6,0.15,2.0,1.0,4.661,1.353
0.25,0.6,0.15,4.0,0.125,6.408,1.86
0.25,0.6,0.15,4.0,0.5,6.991,2.03
0.25,0.6,0.15,4.0,1.0,7.768,2.255
0.25,0.6,0.15,4.0,2.0,9.321,2.706
0.25,0.65,0.1,0.25,0.125,0.405,0.173
0.25,0.65,0.1,0.5,0.125,0.675,0.288
0.25,0.65,0.1,1.0,0.125,1.215,0.518
0.25,0.65,0.1,1.0,0.5,1.621,0.69
0.25,0.65,0.1,2.0,0.125,2.296,0.978
0.25,0.65,0.1,2.0,0.5,2.701,1.151
0.25,0.65,0.1,2.0,1.0,3.241,1.381
0.25,0.65,0.1,4.0,0.125,4.457,1.899
0.25,0.65,0.1,4.0,0.5,4.862,2.071
0.25,0.65,0.1,4.0,1.0,5.402,2.301
0.25,0.65,0.1,4.0,2.0,6.483,2.762
0.25,0.7,0.05,0.25,0.125,0.232,0.148
0.25,0.7,0.05,0.5,0.125,0.387,0.247
0.25,0.7,0.05,1.0,0.125,0.696,0.445
0.25,0.7,0.05,1.0,0.5,0.928,0.593
0.25,0.7,0.05,2.0,0.125,1.315,0.841
0.25,0.7,0.05,2.0,0.5,1.547,0.989
0.25,0.7,0.05,2.0,1.0,1.856,1.187
0.25,0.7,0.05,4.0,0.125,2.552,1.632
0.25,0.7,0.05,4.0,0.5,2.784,1.78
0.25,0.7,0.05,4.0,1.0,3.093,1.978
0.25,0.7,0.05,4.0,2.0,3.712,2.374
0.25,0.75,0.0,0.25,0.125,0.015,0.085
0.25,0.75,0.0,0.5,0.125,0.025,0.142
0.25,0.75,0.0,1.0,0.125,0.045,0.256
0.25,0.75,0.0,1.0,0.5,0.06,0.341
0.25,0.75,0.0,2.0,0.125,0.085,0.483
0.25,0.75,0.0,2.0,0.5,0.1,0.568
0.25,0.75,0.0,2.0,1.0,0.12,0.682
0.25,0.75,0.0,4.0,0.125,0.165,0.937
0.25,0.75,0.0,4.0,0.5,0.181,1.022
0.25,0.75,0.0,4.0,1.0,0.201,1.136
0.25,0.75,0.0,4.0,2.0,0.241,1.363
0.3,0.0,0.7,0.25,0.125,2.531,0.161
0.3,0.0,0.7,0.5,0.125,4.218,0.268
0.3,0.0,0.7,1.0,0.125,7.593,0.482
0.3,0.0,0.7,1.0,0.5,10.124,0.642
0.3,0.0,0.7,2.0,0.125,14.343,0.91
0.3,0.0,0.7,2.0,0.5,16.874,1.07
0.3,0.0,0.7,2.0,1.0,20.248,1.285
0.3,0.0,0.7,4.0,0.125,27.842,1.766
0.3,0.0,0.7,4.0,0.5,30.373,1.927
0.3,0.0,0.7,4.0,1.0,33.747,2.141
0.3,0.0,0.7,4.0,2.0,40.497,2.569
0.3,0.05,0.65,0.25,0.125,2.382,0.175
0.3,0.05,0.65,0.5,0.125,3.97,0.292
0.3,0.05,0.65,1.0,0.125,7.146,0.526
0.3,0.05,0.65,1.0,0.5,9.528,0.701
0.3,0.05,0.65,2.0,0.125,13.497,0.994
0.3,0.05,0.65,2.0,0.5,15.879,1.169
0.3,0.05,0.65,2.0,1.0,19.055,1.403
0.3,0.05,0.65,4.0,0.125,26.201,1.929
0.3,0.05,0.65,4.0,0.5,28.583,2.104
0.3,0.05,0.65,4.0,1.0,31.758,2.338
0.3,0.05,0.65,4.0,2.0,38.11,2.805
0.3,0.1,0.6,0.25,0.125,2.239,0.164
0.3,0.1,0.6,0.5,0.125,3.732,0.273
0.3,0.1,0.6,1.0,0.125,6.717,0.492
0.3,0.1,0.6,1.0,0.5,8.956,0.656
0.3,0.1,0.6,2.0,0.125,12.687,0.93
0.3,0.1,0.6,2.0,0.5,14.926,1.094
0.3,0.1,0.6,2.0,1.0,17.911,1.313
0.3,0.1,0.6,4.0,0.125,24.628,1.805
0.3,0.1,0.6,4.0,0.5,26.867,1.969
0.3,0.1,0.6,4.0,1.0,29.852,2.188
0.3,0.1,0.6,4.0,2.0,35.823,2.625
0.3,0.15,0.55,0.25,0.125,2.059,0.156
0.3,0.15,0.55,0.5,0.125,3.432,0.26
0.3,0.15,0.55,1.0,0.125,6.177,0.469
0.3,0.15,0.55,1.0,0.5,8.236,0.625
0.3,0.15,0.55,2.0,0.125,11.668,0.886
0.3,0.15,0.55,2.0,0.5,13.727,1.042
0.3,0.15,0.55,2.0,1.0,16.473,1.25
0.3,0.15,0.55,4.0,0.125,22.65,1.719
0.3,0.15,0.55,4.0,0.5,24.709,1.875
0.3,0.15,0.55,4.0,1.0,27.454,2.084
0.3,0.15,0.55,4.0,2.0,32.945,2.5
0.3,0.2,0.5,0.25,0.125,1.83,0.161
0.3,0.2,0.5,0.5,0.125,3.05,0.268
0.3,0.2,0.5,1.0,0.125,5.491,0.483
0.3,0.2,0.5,1.0,0.5,7.321,0.644
0.3,0.2,0.5,2.0,0.125,10.371,0.912
0.3,0.2,0.5,2.0,0.5,12.201,1.073
0.3,0.2,0.5,2.0,1.0,14.642,1.288
0.3,0.2,0.5,4.0,0.125,20.132,1.771
0.3,0.2,0.5,4.0,0.5,21.963,1.932
0.3,0.2,0.5,4.0,1.0,24.403,2.146
0.3,0.2,0.5,4.0,2.0,29.283,2.576
0.3,0.25,0.45,0.25,0.125,1.698,0.165
0.3,0.25,0.45,0.5,0.125,2.83,0.274
0.3,0.25,0.45,1.0,0.125,5.094,0.494
0.3,0.25,0.45,1.0,0.5,6.791,0.659
0.3,0.25,0.45,2.0,0.125,9.621,0.933
0.3,0.25,0.45,2.0,0.5,11.319,1.098
0.3,0.25,0.45,2.0,1.0,13.583,1.317
0.3,0.25,0.45,4.0,0.125,18.677,1.811
0.3,0.25,0.45,4.0,0.5,20.374,1.976
0.3,0.25,0.45,4.0,1.0,22.638,2.195
0.3,0.25,0.45,4.0,2.0,27.166,2.634
0.3,0.3,0.4,0.25,0.125,1.506,0.17
0.3,0.3,0.4,0.5,0.125,2.509,0.283
0.3,0.3,0.4,1.0,0.125,4.517,0.51
0.3,0.3,0.4,1.0,0.5,6.022,0.68
0.3,0.3,0.4,2.0,0.125,8.532,0.963
0.3,0.3,0.4,2.0,0.5,10.037,1.133
0.3,0.3,0.4,2.0,1.0,12.045,1.359
0.3,0.3,0.4,4.0,0.125,16.562,1.869
0.3,0.3,0.4,4.0,0.5,18.067,2.039
0.3,0.3,0.4,4.0,1.0,20.075,2.265
0.3,0.3,0.4,4.0,2.0,24.09,2.718
0.3,0.35,0.35,0.25,0.125,1.325,0.148
0.3,0.35,0.35,0.5,0.125,2.209,0.247
0.3,0.35,0.35,1.0,0.125,3.976,0.445
0.3,0.35,0.35,1.0,0.5,5.301,0.593
0.3,0.35,0.35,2.0,0.125,7.51,0.84
0.3,0.35,0.35,2.0,0.5,8.835,0.989
0.3,0.35,0.35,2.0,1.0,10.602,1.186
0.3,0.35,0.35,4.0,0.125,14.578,1.631
0.3,0.35,0.35,4.0,0.5,15.903,1.779
0.3,0.35,0.35,4.0,1.0,17.67,1.977
0.3,0.35,0.35,4.0,2.0,21.204,2.373
0.3,0.4,0.3,0.25,0.125,1.105,0.158
0.3,0.4,0.3,0.5,0.125,1.842,0.263
0.3,0.4,0.3,1.0,0.125,3.315,0.474
0.3,0.4,0.3,1.0,0.5,4.421,0.632
0.3,0.4,0.3,2.0,0.125,6.263,0.895
0.3,0.4,0.3,2.0,0.5,7.368,1.053
0.3,0.4,0.3,2.0,1.0,8.841,1.264
0.3,0.4,0.3,4.0,0.125,12.157,1.738
0.3,0.4,0.3,4.0,0.5,13.262,1.896
0.3,0.4,0.3,4.0,1.0,14.735,2.107
0.3,0.4,0.3,4.0,2.0,17.682,2.528
0.3,0.45,0.25,0.25,0.125,0.931,0.168
0.3,0.45,0.25,0.5,0.125,1.551,0.28
0.3,0.45,0.25,1.0,0.125,2.792,0.504
0.3,0.45,0.25,1.0,0.5,3.722,0.672
0.3,0.45,0.25,2.0,0.125,5.273,0.952
0.3,0.45,0.25,2.0,0.5,6.204,1.12
0.3,0.45,0.25,2.0,1.0,7.445,1.344
0.3,0.45,0.25,4.0,0.125,10.237,1.848
0.3,0.45,0.25,4.0,0.5,11.167,2.016
0.3,0.45,0.25,4.0,1.0,12.408,2.24
0.3,0.45,0.25,4.0,2.0,14.89,2.689
0.3,0.5,0.2,0.25,0.125,0.748,0.17
0.3,0.5,0.2,0.5,0.125,1.247,0.283
0.3,0.5,0.2,1.0,0.125,2.245,0.51
0.3,0.5,0.2,1.0,0.5,2.994,0.68
0.3,0.5,0.2,2.0,0.125,4.241,0.963
0.3,0.5,0.2,2.0,0.5,4.989,1.133
0.3,0.5,0.2,2.0,1.0,5.987,1.36
0.3,0.5,0.2,4.0,0.125,8.233,1.87
0.3,0.5,0.2,4.0,0.5,8.981,2.04
0.3,0.5,0.2,4.0,1.0,9.979,2.267
0.3,0.5,0.2,4.0,2.0,11.975,2.72
0.3,0.55,0.15,0.25,0.125,0.55,0.159
0.3,0.55,0.15,0.5,0.125,0.917,0.266
0.3,0.55,0.15,1.0,0.125,1.651,0.478
0.3,0.55,0.15,1.0,0.5,2.202,0.638
0.3,0.55,0.15,2.0,0.125,3.119,0.904
0.3,0.55,0.15,2.0,0.5,3.669,1.063
0.3,0.55,0.15,2.0,1.0,4.403,1.276
0.3,0.55,0.15,4.0,0.125,6.055,1.754
0.3,0.55,0.15,4.0,0.5,6.605,1.914
0.3,0.55,0.15,4.0,1.0,7.339,2.126
0.3,0.55,0.15,4.0,2.0,8.807,2.552
0.3,0.6,0.1,0.25,0.125,0.384,0.152
0.3,0.6,0.1,0.5,0.125,0.641,0.253
0.3,0.6,0.1,1.0,0.125,1.153,0.455
0.3,0.6,0.1,1.0,0.5,1.538,0.607
0.3,0.6,0.1,2.0,0.125,2.179,0.86
0.3,0.6,0.1,2.0,0.5,2.563,1.012
0.3,0.6,0.1,2.0,1.0,3.076,1.214
0.3,0.6,0.1,4.0,0.125,4.229,1.669
0.3,0.6,0.1,4.0,0.5,4.614,1.821
0.3,0.6,0.1,4.0,1.0,5.127,2.023
0.3,0.6,0.1,4.0,2.0,6.152,2.428
0.3,0.65,0.05,0.25,0.125,0.194,0.164
0.3,0.65,0.05,0.5,0.125,0.323,0.273
0.3,0.65,0.05,1.0,0.125,0.582,0.491
0.3,0.65,0.05,1.0,0.5,0.776,0.655
0.3,0.65,0.05,2.0,0.125,1.099,0.927
0.3,0.65,0.05,2.0,0.5,1.293,1.091
0.3,0.65,0.05,2.0,1.0,1.552,1.309
0.3,0.65,0.05,4.0,0.125,2.134,1.8
0.3,0.65,0.05,4.0,0.5,2.328,1.964
0.3,0.65,0.05,4.0,1.0,2.586,2.182
0.3,0.65,0.05,4.0,2.0,3.103,2.618
0.3,0.7,0.0,0.25,0.125,0.02,0.103
0.3,0.7,0.0,0.5,0.125,0.034,0.172
0.3,0.7,0.0,1.0,0.125,0.061,0.31
0.3,0.7,0.0,1.0,0.5,0.082,0.413
0.3,0.7,0.0,2.0,0.125,0.116,0.585
0.3,0.7,0.0,2.0,0.5,0.136,0.688
0.3,0.7,0.0,2.0,1.0,0.164,0.826
0.3,0.7,0.0,4.0,0.125,0.225,1.135
0.3,0.7,0.0,4.0,0.5,0.245,1.238
0.3,0.7,0.0,4.0,1.0,0.273,1.376
0.3,0.7,0.0,4.0,2.0,0.327,1.651
0.35,0.0,0.65,0.25,0.125,2.404,0.131
0.35,0.0,0.65,0.5,0.125,4.007,0.218
0.35,0.0,0.65,1.0,0.125,7.212,0.392
0.35,0.0,0.65,1.0,0.5,9.616,0.522
0.35,0.0,0.65,2.0,0.125,13.623,0.74
0.35,0.0,0.65,2.0,0.5,16.027,0.87
0.35,0.0,0.65,2.0,1.0,19.232,1.045
0.35,0.0,0.65,4.0,0.125,26.444,1.436
0.35,0.0,0.65,4.0,0.5,28.848,1.567
0.35,0.0,0.65,4.0,1.0,32.053,1.741
0.35,0.0,0.65,4.0,2.0,38.464,2.089
0.35,0.05,0.6,0.25,0.125,2.196,0.145
0.35,0.05,0.6,0.5,0.125,3.659,0.242
0.35,0.05,0.6,1.0,0.125,6.587,0.435
0.35,0.05,0.6,1.0,0.5,8.783,0.58
0.35,0.05,0.6,2.0,0.125,12.442,0.822
0.35,0.05,0.6,2.0,0.5,14.638,0.967
0.35,0.05,0.6,2.0,1.0,17.565,1.161
0.35,0.05,0.6,4.0,0.125,24.152,1.596
0.35,0.05,0.6,4.0,0.5,26.348,1.741
0.35,0.05,0.6,4.0,1.0,29.275,1.935
0.35,0.05,0.6,4.0,2.0,35.131,2.322
0.35,0.1,0.55,0.25,0.125,2.07,0.171
0.35,0.1,0.55,0.5,0.125,3.449,0.284
0.35,0.1,0.55,1.0,0.125,6.209,0.512
0.35,0.1,0.55,1.0,0.5,8.278,0.682
0.35,0.1,0.55,2.0,0.125,11.728,0.967
0.35,0.1,0.55,2.0,0.5,13.797,1.137
0.35,0.1,0.55,2.0,1.0,16.557,1.365
0.35,0.1,0.55,4.0,0.125,22.765,1.876
0.35,0.1,0.55,4.0,0.5,24.835,2.047
0.35,0.1,0.55,4.0,1.0,27.594,2.274
0.35,0.1,0.55,4.0,2.0,33.113,2.729
0.35,0.15,0.5,0.25,0.125,1.886,0.144
0.35,0.15,0.5,0.5,0.125,3.143,0.24
0.35,0.15,0.5,1.0,0.125,5.658,0.432
0.35,0.15,0.5,1.0,0.5,7.544,0.576
0.35,0.15,0.5,2.0,0.125,10.687,0.817
0.35,0.15,0.5,2.0,0.5,12.573,0.961
0.35,0.15,0.5,2.0,1.0,15.087,1.153
0.35,0.15,0.5,4.0,0.125,20.745,1.585
0.35,0.15,0.5,4.0,0.5,22.631,1.729
0.35,0.15,0.5,4.0,1.0,25.146,1.921
0.35,0.15,0.5,4.0,2.0,30.175,2.306
0.35,0.2,0.45,0.25,0.125,1.662,0.145
0.35,0.2,0.45,0.5,0.125,2.77,0.241
0.35,0.2,0.45,1.0,0.125,4.986,0.434
0.35,0.2,0.45,1.0,0.5,6.648,0.578
0.35,0.2,0.45,2.0,0.125,9.418,0.819
0.35,0.2,0.45,2.0,0.5,11.079,0.964
0.35,0.2,0.45,2.0,1.0,13.295,1.157
0.35,0.2,0.45,4.0,0.125,18.281,1.591
0.35,0.2,0.45,4.0,0.5,19.943,1.735
0.35,0.2,0.45,4.0,1.0,22.159,1.928
0.35,0.2,0.45,4.0,2.0,26.591,2.313
0.35,0.25,0.4,0.25,0.125,1.485,0.163
0.35,0.25,0.4,0.5,0.125,2.476,0.271
0.35,0.25,0.4,1.0,0.125,4.456,0.488
0.35,0.25,0.4,1.0,0.5,5.941,0.65
0.35,0.25,0.4,2.0,0.125,8.417,0.921
0.35,0.25,0.4,2.0,0.5,9.902,1.084
0.35,0.25,0.4,2.0,1.0,11.883,1.301
0.35,0.25,0.4,4.0,0.125,16.339,1.789
0.35,0.25,0.4,4.0,0.5,17.824,1.951
0.35,0.25,0.4,4.0,1.0,19.805,2.168
0.35,0.25,0.4,4.0,2.0,23.766,2.602
0.35,0.3,0.35,0.25,0.125,1.307,0.157
0.35,0.3,0.35,0.5,0.125,2.179,0.261
0.35,0.3,0.35,1.0,0.125,3.922,0.47
0.35,0.3,0.35,1.0,0.5,5.23,0.627
0.35,0.3,0.35,2.0,0.125,7.409,0.888
0.35,0.3,0.35,2.0,0.5,8.716,1.045
0.35,0.3,0.35,2.0,1.0,10.46,1.254
0.35,0.3,0.35,4.0,0.125,14.382,1.724
0.35,0.3,0.35,4.0,0.5,15.689,1.881
0.35,0.3,0.35,4.0,1.0,17.433,2.09
0.35,0.3,0.35,4.0,2.0,20.919,2.508
0.35,0.35,0.3,0.25,0.125,1.113,0.176
0.35,0.35,0.3,0.5,0.125,1.855,0.293
0.35,0.35,0.3,1.0,0.125,3.339,0.528
0.35,0.35,0.3,1.0,0.5,4.452,0.704
0.35,0.35,0.3,2.0,0.125,6.306,0.998
0.35,0.35,0.3,2.0,0.5,7.419,1.174
0.35,0.35,0.3,2.0,1.0,8.903,1.408
0.35,0.35,0.3,4.0,0.125,12.242,1.936
0.35,0.35,0.3,4.0,0.5,13.355,2.112
0.35,0.35,0.3,4.0,1.0,14.839,2.347
0.35,0.35,0.3,4.0,2.0,17.806,2.816
0.35,0.4,0.25,0.25,0.125,0.904,0.165
0.35,0.4,0.25,0.5,0.125,1.506,0.274
0.35,0.4,0.25,1.0,0.125,2.712,0.494
0.35,0.4,0.25,1.0,0.5,3.616,0.658
0.35,0.4,0.25,2.0,0.125,5.122,0.932
0.35,0.4,0.25,2.0,0.5,6.026,1.097
0.35,0.4,0.25,2.0,1.0,7.231,1.316
0.35,0.4,0.25,4.0,0.125,9.943,1.81
0.35,0.4,0.25,4.0,0.5,10.847,1.974
0.35,0.4,0.25,4.0,1.0,12.052,2.194
0.35,0.4,0.25,4.0,2.0,14.462,2.632
0.35,0.45,0.2,0.25,0.125,0.728,0.174
0.35,0.45,0.2,0.5,0.125,1.213,0.291
0.35,0.45,0.2,1.0,0.125,2.183,0.523
0.35,0.45,0.2,1.0,0.5,2.91,0.697
0.35,0.45,0.2,2.0,0.125,4.123,0.988
0.35,0.45,0.2,2.0,0.5,4.851,1.162
0.35,0.45,0.2,2.0,1.0,5.821,1.395
0.35,0.45,0.2,4.0,0.125,8.004,1.918
0.35,0.45,0.2,4.0,0.5,8.731,2.092
0.35,0.45,0.2,4.0,1.0,9.702,2.325
0.35,0.45,0.2,4.0,2.0,11.642,2.789
0.35,0.5,0.15,0.25,0.125,0.542,0.165
0.35,0.5,0.15,0.5,0.125,0.904,0.274
0.35,0.5,0.15,1.0,0.125,1.627,0.494
0.35,0.5,0.15,1.0,0.5,2.17,0.658
0.35,0.5,0.15,2.0,0.125,3.074,0.932
0.35,0.5,0.15,2.0,0.5,3.616,1.097
0.35,0.5,0.15,2.0,1.0,4.34,1.316
0.35,0.5,0.15,4.0,0.125,5.967,1.81
0.35,0.5,0.15,4.0,0.5,6.509,1.974
0.35,0.5,0.15,4.0,1.0,7.233,2.194
0.35,0.5,0.15,4.0,2.0,8.679,2.632
0.35,0.55,0.1,0.25,0.125,0.392,0.182
0.35,0.55,0.1,0.5,0.125,0.653,0.303
0.35,0.55,0.1,1.0,0.125,1.176,0.545
0.35,0.55,0.1,1.0,0.5,1.568,0.727
0.35,0.55,0.1,2.0,0.125,2.222,1.03
0.35,0.55,0.1,2.0,0.5,2.614,1.211
0.35,0.55,0.1,2.0,1.0,3.137,1.454
0.35,0.55,0.1,4.0,0.125,4.313,1.999
0.35,0.55,0.1,4.0,0.5,4.705,2.181
0.35,0.55,0.1,4.0,1.0,5.228,2.423
0.35,0.55,0.1,4.0,2.0,6.273,2.908
0.35,0.6,0.05,0.25,0.125,0.217,0.154
0.35,0.6,0.05,0.5,0.125,0.361,0.256
0.35,0.6,0.05,1.0,0.125,0.65,0.461
0.35,0.6,0.05,1.0,0.5,0.867,0.615
0.35,0.6,0.05,2.0,0.125,1.228,0.871
0.35,0.6,0.05,2.0,0.5,1.445,1.024
0.35,0.6,0.05,2.0,1.0,1.734,1.229
0.35,0.6,0.05,4.0,0.125,2.384,1.69
0.35,0.6,0.05,4.0,0.5,2.601,1.844
0.35,0.6,0.05,4.0,1.0,2.89,2.049
0.35,0.6,0.05,4.0,2.0,3.468,2.459
0.35,0.65,0.0,0.25,0.125,0.0,0.101
0.35,0.65,0.0,0.5,0.125,0.0,0.168
0.35,0.65,0.0,1.0,0.125,0.0,0.303
0.35,0.65,0.0,1.0,0.5,0.0,0.403
0.35,0.65,0.0,2.0,0.125,0.0,0.571
0.35,0.65,0.0,2.0,0.5,0.0,0.672
0.35,0.65,0.0,2.0,1.0,0.0,0.807
0.35,0.65,0.0,4.0,0.125,0.0,1.109
0.35,0.65,0.0,4.0,0.5,0.0,1.21
0.35,0.65,0.0,4.0,1.0,0.0,1.345
0.35,0.65,0.0,4.0,2.0,0.0,1.613
0.4,0.0,0.6,0.25,0.125,2.142,0.152
0.4,0.0,0.6,0.5,0.125,3.57,0.253
0.4,0.0,0.6,1.0,0.125,6.426,0.455
0.4,0.0,0.6,1.0,0.5,8.568,0.607
0.4,0.0,0.6,2.0,0.125,12.138,0.86
0.4,0.0,0.6,2.0,0.5,14.28,1.012
0.4,0.0,0.6,2.0,1.0,17.136,1.214
0.4,0.0,0.6,4.0,0.125,23.562,1.67
0.4,0.0,0.6,4.0,0.5,25.704,1.822
0.4,0.0,0.6,4.0,1.0,28.56,2.024
0.4,0.0,0.6,4.0,2.0,34.273,2.429
0.4,0.05,0.55,0.25,0.125,2.055,0.161
0.4,0.05,0.55,0.5,0.125,3.426,0.268
0.4,0.05,0.55,1.0,0.125,6.166,0.482
0.4,0.05,0.55,1.0,0.5,8.222,0.643
0.4,0.05,0.55,2.0,0.125,11.647,0.911
0.4,0.05,0.55,2.0,0.5,13.703,1.072
0.4,0.05,0.55,2.0,1.0,16.443,1.287
0.4,0.05,0.55,4.0,0.125,22.609,1.769
0.4,0.05,0.55,4.0,0.5,24.665,1.93
0.4,0.05,0.55,4.0,1.0,27.405,2.144
0.4,0.05,0.55,4.0,2.0,32.886,2.573
0.4,0.1,0.5,0.25,0.125,1.864,0.16
0.4,0.1,0.5,0.5,0.125,3.107,0.267
0.4,0.1,0.5,1.0,0.125,5.593,0.481
0.4,0.1,0.5,1.0,0.5,7.458,0.641
0.4,0.1,0.5,2.0,0.125,10.565,0.908
0.4,0.1,0.5,2.0,0.5,12.43,1.068
0.4,0.1,0.5,2.0,1.0,14.916,1.282
0.4,0.1,0.5,4.0,0.125,20.509,1.762
0.4,0.1,0.5,4.0,0.5,22.373,1.922
0.4,0.1,0.5,4.0,1.0,24.859,2.136
0.4,0.1,0.5,4.0,2.0,29.831,2.563
0.4,0.15,0.45,0.25,0.125,1.682,0.159
0.4,0.15,0.45,0.5,0.125,2.804,0.265
0.4,0.15,0.45,1.0,0.125,5.047,0.477
0.4,0.15,0.45,1.0,0.5,6.729,0.637
0.4,0.15,0.45,2.0,0.125,9.533,0.902
0.4,0.15,0.45,2.0,0.5,11.215,1.061
0.4,0.15,0.45,2.0,1.0,13.458,1.273
0.4,0.15,0.45,4.0,0.125,18.505,1.75
0.4,0.15,0.45,4.0,0.5,20.188,1.91
0.4,0.15,0.45,4.0,1.0,22.431,2.122
0.4,0.15,0.45,4.0,2.0,26.917,2.546
0.4,0.2,0.4,0.25,0.125,1.5,0.155
0.4,0.2,0.4,0.5,0.125,2.5,0.259
0.4,0.2,0.4,1.0,0.125,4.5,0.466
0.4,0.2,0.4,1.0,0.5,6.0,0.621
0.4,0.2,0.4,2.0,0.125,8.5,0.88
0.4,0.2,0.4,2.0,0.5,10.0,1.035
0.4,0.2,0.4,2.0,1.0,12.0,1.242
0.4,0.2,0.4,4.0,0.125,16.5,1.708
0.4,0.2,0.4,4.0,0.5,18.0,1.863
0.4,0.2,0.4,4.0,1.0,20.0,2.07
0.4,0.2,0.4,4.0,2.0,24.001,2.485
0.4,0.25,0.35,0.25,0.125,1.338,0.15
0.4,0.25,0.35,0.5,0.125,2.231,0.251
0.4,0.25,0.35,1.0,0.125,4.015,0.451
0.4,0.25,0.35,1.0,0.5,5.354,0.602
0.4,0.25,0.35,2.0,0.125,7.584,0.852
0.4,0.25,0.35,2.0,0.5,8.923,1.003
0.4,0.25,0.35,2.0,1.0,10.707,1.203
0.4,0.25,0.35,4.0,0.125,14.722,1.655
0.4,0.25,0.35,4.0,0.5,16.061,1.805
0.4,0.25,0.35,4.0,1.0,17.845,2.006
0.4,0.25,0.35,4.0,2.0,21.414,2.407
0.4,0.3,0.3,0.25,0.125,1.149,0.137
0.4,0.3,0.3,0.5,0.125,1.915,0.229
0.4,0.3,0.3,1.0,0.125,3.447,0.412
0.4,0.3,0.3,1.0,0.5,4.596,0.549
0.4,0.3,0.3,2.0,0.125,6.511,0.778
0.4,0.3,0.3,2.0,0.5,7.661,0.915
0.4,0.3,0.3,2.0,1.0,9.193,1.098
0.4,0.3,0.3,4.0,0.125,12.64,1.51
0.4,0.3,0.3,4.0,0.5,13.789,1.647
0.4,0.3,0.3,4.0,1.0,15.321,1.83
0.4,0.3,0.3,4.0,2.0,18.385,2.196
0.4,0.35,0.25,0.25,0.125,0.879,0.161
0.4,0.35,0.25,0.5,0.125,1.464,0.268
0.4,0.35,0.25,1.0,0.125,2.636,0.482
0.4,0.35,0.25,1.0,0.5,3.514,0.643
0.4,0.35,0.25,2.0,0.125,4.978,0.911
0.4,0.35,0.25,2.0,0.5,5.857,1.071
0.4,0.35,0.25,2.0,1.0,7.028,1.286
0.4,0.35,0.25,4.0,0.125,9.664,1.768
0.4,0.35,0.25,4.0,0.5,10.543,1.929
0.4,0.35,0.25,4.0,1.0,11.714,2.143
0.4,0.35,0.25,4.0,2.0,14.057,2.571
0.4,0.4,0.2,0.25,0.125,0.823,0.159
0.4,0.4,0.2,0.5,0.125,1.372,0.265
0.4,0.4,0.2,1.0,0.125,2.469,0.477
0.4,0.4,0.2,1.0,0.5,3.292,0.636
0.4,0.4,0.2,2.0,0.125,4.663,0.9
0.4,0.4,0.2,2.0,0.5,5.486,1.059
0.4,0.4,0.2,2.0,1.0,6.584,1.271
0.4,0.4,0.2,4.0,0.125,9.053,1.748
0.4,0.4,0.2,4.0,0.5,9.875,1.907
0.4,0.4,0.2,4.0,1.0,10.973,2.118
0.4,0.4,0.2,4.0,2.0,13.167,2.542
0.4,0.45,0.15,0.25,0.125,0.554,0.162
0.4,0.45,0.15,0.5,0.125,0.923,0.269
0.4,0.45,0.15,1.0,0.125,1.662,0.485
0.4,0.45,0.15,1.0,0.5,2.216,0.646
0.4,0.45,0.15,2.0,0.125,3.139,0.915
0.4,0.45,0.15,2.0,0.5,3.693,1.077
0.4,0.45,0.15,2.0,1.0,4.432,1.292
0.4,0.45,0.15,4.0,0.125,6.094,1.777
0.4,0.45,0.15,4.0,0.5,6.648,1.938
0.4,0.45,0.15,4.0,1.0,7.386,2.154
0.4,0.45,0.15,4.0,2.0,8.864,2.584
0.4,0.5,0.1,0.25,0.125,0.383,0.174
0.4,0.5,0.1,0.5,0.125,0.638,0.29
0.4,0.5,0.1,1.0,0.125,1.148,0.522
0.4,0.5,0.1,1.0,0.5,1.53,0.696
0.4,0.5,0.1,2.0,0.125,2.168,0.985
0.4,0.5,0.1,2.0,0.5,2.551,1.159
0.4,0.5,0.1,2.0,1.0,3.061,1.391
0.4,0.5,0.1,4.0,0.125,4.209,1.913
0.4,0.5,0.1,4.0,0.5,4.591,2.087
0.4,0.5,0.1,4.0,1.0,5.102,2.319
0.4,0.5,0.1,4.0,2.0,6.122,2.782
0.4,0.55,0.05,0.25,0.125,0.191,0.146
0.4,0.55,0.05,0.5,0.125,0.318,0.243
0.4,0.55,0.05,1.0,0.125,0.572,0.437
0.4,0.55,0.05,1.0,0.5,0.763,0.583
0.4,0.55,0.05,2.0,0.125,1.08,0.825
0.4,0.55,0.05,2.0,0.5,1.271,0.971
0.4,0.55,0.05,2.0,1.0,1.525,1.165
0.4,0.55,0.05,4.0,0.125,2.097,1.602
0.4,0.55,0.05,4.0,0.5,2.288,1.748
0.4,0.55,0.05,4.0,1.0,2.542,1.942
0.4,0.55,0.05,4.0,2.0,3.051,2.33
0.4,0.6,0.0,0.25,0.125,0.022,0.114
0.4,0.6,0.0,0.5,0.125,0.037,0.19
0.4,0.6,0.0,1.0,0.125,0.066,0.342
0.4,0.6,0.0,1.0,0.5,0.089,0.455
0.4,0.6,0.0,2.0,0.125,0.125,0.645
0.4,0.6,0.0,2.0,0.5,0.148,0.759
0.4,0.6,0.0,2.0,1.0,0.177,0.911
0.4,0.6,0.0,4.0,0.125,0.243,1.252
0.4,0.6,0.0,4.0,0.5,0.266,1.366
0.4,0.6,0.0,4.0,1.0,0.295,1.518
0.4,0.6,0.0,4.0,2.0,0.354,1.821
0.45,0.0,0.55,0.25,0.125,1.998,0.136
0.45,0.0,0.55,0.5,0.125,3.33,0.227
0.45,0.0,0.55,1.0,0.125,5.994,0.409
0.45,0.0,0.55,1.0,0.5,7.992,0.545
0.45,0.0,0.55,2.0,0.125,11.322,0.772
0.45,0.0,0.55,2.0,0.5,13.32,0.908
0.45,0.0,0.55,2.0,1.0,15.984,1.09
0.45,0.0,0.55,4.0,0.125,21.978,1.498
0.45,0.0,0.55,4.0,0.5,23.976,1.635
0.45,0.0,0.55,4.0,1.0,26.64,1.816
0.45,0.0,0.55,4.0,2.0,31.968,2.179
0.45,0.05,0.5,0.25,0.125,1.866,0.147
0.45,0.05,0.5,0.5,0.125,3.11,0.245
0.45,0.05,0.5,1.0,0.125,5.598,0.441
0.45,0.05,0.5,1.0,0.5,7.464,0.589
0.45,0.05,0.5,2.0,0.125,10.575,0.834
0.45,0.05,0.5,2.0,0.5,12.441,0.981
0.45,0.05,0.5,2.0,1.0,14.929,1.177
0.45,0.05,0.5,4.0,0.125,20.527,1.619
0.45,0.05,0.5,4.0,0.5,22.393,1.766
0.45,0.05,0.5,4.0,1.0,24.881,1.962
0.45,0.05,0.5,4.0,2.0,29.858,2.355
0.45,0.1,0.45,0.25,0.125,1.695,0.15
0.45,0.1,0.45,0.5,0.125,2.824,0.251
0.45,0.1,0.45,1.0,0.125,5.084,0.451
0.45,0.1,0.45,1.0,0.5,6.779,0.602
0.45,0.1,0.45,2.0,0.125,9.603,0.853
0.45,0.1,0.45,2.0,0.5,11.298,1.003
0.45,0.1,0.45,2.0,1.0,13.557,1.204
0.45,0.1,0.45,4.0,0.125,18.641,1.655
0.45,0.1,0.45,4.0,0.5,20.336,1.806
0.45,0.1,0.45,4.0,1.0,22.595,2.007
0.45,0.1,0.45,4.0,2.0,27.114,2.408
0.45,0.15,0.4,0.25,0.125,1.488,0.141
0.45,0.15,0.4,0.5,0.125,2.48,0.234
0.45,0.15,0.4,1.0,0.125,4.464,0.422
0.45,0.15,0.4,1.0,0.5,5.952,0.563
0.45,0.15,0.4,2.0,0.125,8.432,0.797
0.45,0.15,0.4,2.0,0.5,9.92,0.938
0.45,0.15,0.4,2.0,1.0,11.904,1.125
0.45,0.15,0.4,4.0,0.125,16.368,1.548
0.45,0.15,0.4,4.0,0.5,17.856,1.688
0.45,0.15,0.4,4.0,1.0,19.84,1.876
0.45,0.15,0.4,4.0,2.0,23.808,2.251
0.45,0.2,0.35,0.25,0.125,1.311,0.152
0.45,0.2,0.35,0.5,0.125,2.185,0.253
0.45,0.2,0.35,1.0,0.125,3.932,0.456
0.45,0.2,0.35,1.0,0.5,5.243,0.608
0.45,0.2,0.35,2.0,0.125,7.428,0.862
0.45,0.2,0.35,2.0,0.5,8.739,1.014
0.45,0.2,0.35,2.0,1.0,10.486,1.217
0.45,0.2,0.35,4.0,0.125,14.419,1.673
0.45,0.2,0.35,4.0,0.5,15.73,1.825
0.45,0.2,0.35,4.0,1.0,17.477,2.028
0.45,0.2,0.35,4.0,2.0,20.973,2.433
0.45,0.25,0.3,0.25,0.125,1.133,0.159
0.45,0.25,0.3,0.5,0.125,1.888,0.266
0.45,0.25,0.3,1.0,0.125,3.398,0.478
0.45,0.25,0.3,1.0,0.5,4.531,0.638
0.45,0.25,0.3,2.0,0.125,6.419,0.904
0.45,0.25,0.3,2.0,0.5,7.551,1.063
0.45,0.25,0.3,2.0,1.0,9.062,1.276
0.45,0.25,0.3,4.0,0.125,12.46,1.754
0.45,0.25,0.3,4.0,0.5,13.592,1.914
0.45,0.25,0.3,4.0,1.0,15.103,2.126
0.45,0.25,0.3,4.0,2.0,18.123,2.552
0.45,0.3,0.25,0.25,0.125,0.928,0.135
0.45,0.3,0.25,0.5,0.125,1.547,0.224
0.45,0.3,0.25,1.0,0.125,2.784,0.404
0.45,0.3,0.25,1.0,0.5,3.712,0.539
0.45,0.3,0.25,2.0,0.125,5.258,0.763
0.45,0.3,0.25,2.0,0.5,6.186,0.898
0.45,0.3,0.25,2.0,1.0,7.424,1.078
0.45,0.3,0.25,4.0,0.125,10.208,1.482
0.45,0.3,0.25,4.0,0.5,11.135,1.616
0.45,0.3,0.25,4.0,1.0,12.373,1.796
0.45,0.3,0.25,4.0,2.0,14.847,2.155
0.45,0.35,0.2,0.25,0.125,0.755,0.169
0.45,0.35,0.2,0.5,0.125,1.258,0.282
0.45,0.35,0.2,1.0,0.125,2.264,0.508
0.45,0.35,0.2,1.0,0.5,3.018,0.677
0.45,0.35,0.2,2.0,0.125,4.276,0.959
0.45,0.35,0.2,2.0,0.5,5.03,1.129
0.45,0.35,0.2,2.0,1.0,6.037,1.354
0.45,0.35,0.2,4.0,0.125,8.3,1.862
0.45,0.35,0.2,4.0,0.5,9.055,2.031
0.45,0.35,0.2,4.0,1.0,10.061,2.257
0.45,0.35,0.2,4.0,2.0,12.073,2.708
0.45,0.4,0.15,0.25,0.125,0.545,0.172
0.45,0.4,0.15,0.5,0.125,0.908,0.287
0.45,0.4,0.15,1.0,0.125,1.634,0.517
0.45,0.4,0.15,1.0,0.5,2.178,0.69
0.45,0.4,0.15,2.0,0.125,3.086,0.977
0.45,0.4,0.15,2.0,0.5,3.63,1.149
0.45,0.4,0.15,2.0,1.0,4.356,1.379
0.45,0.4,0.15,4.0,0.125,5.99,1.897
0.45,0.4,0.15,4.0,0.5,6.534,2.069
0.45,0.4,0.15,4.0,1.0,7.26,2.299
0.45,0.4,0.15,4.0,2.0,8.712,2.759
0.45,0.45,0.1,0.25,0.125,0.4,0.156
0.45,0.45,0.1,0.5,0.125,0.667,0.26
0.45,0.45,0.1,1.0,0.125,1.2,0.468
0.45,0.45,0.1,1.0,0.5,1.6,0.624
0.45,0.45,0.1,2.0,0.125,2.267,0.884
0.45,0.45,0.1,2.0,0.5,2.667,1.04
0.45,0.45,0.1,2.0,1.0,3.201,1.248
0.45,0.45,0.1,4.0,0.125,4.401,1.716
0.45,0.45,0.1,4.0,0.5,4.801,1.871
0.45,0.45,0.1,4.0,1.0,5.334,2.079
0.45,0.45,0.1,4.0,2.0,6.401,2.495
0.45,0.5,0.05,0.25,0.125,0.217,0.14
0.45,0.5,0.05,0.5,0.125,0.361,0.233
0.45,0.5,0.05,1.0,0.125,0.65,0.419
0.45,0.5,0.05,1.0,0.5,0.867,0.558
0.45,0.5,0.05,2.0,0.125,1.228,0.791
0.45,0.5,0.05,2.0,0.5,1.445,0.931
0.45,0.5,0.05,2.0,1.0,1.733,1.117
0.45,0.5,0.05,4.0,0.125,2.384,1.536
0.45,0.5,0.05,4.0,0.5,2.6,1.675
0.45,0.5,0.05,4.0,1.0,2.889,1.862
0.45,0.5,0.05,4.0,2.0,3.467,2.234
0.45,0.55,0.0,0.25,0.125,0.0,0.102
0.45,0.55,0.0,0.5,0.125,0.0,0.17
0.45,0.55,0.0,1.0,0.125,0.0,0.306
0.45,0.55,0.0,1.0,0.5,0.0,0.408
0.45,0.55,0.0,2.0,0.125,0.0,0.578
0.45,0.55,0.0,2.0,0.5,0.0,0.68
0.45,0.55,0.0,2.0,1.0,0.0,0.817
0.45,0.55,0.0,4.0,0.125,0.0,1.123
0.45,0.55,0.0,4.0,0.5,0.0,1.225
0.45,0.55,0.0,4.0,1.0,0.0,1.361
0.45,0.55,0.0,4.0,2.0,0.0,1.633
0.5,0.0,0.5,0.25,0.125,1.825,0.15
0.5,0.0,0.5,0.5,0.125,3.041,0.25
0.5,0.0,0.5,1.0,0.125,5.474,0.451
0.5,0.0,0.5,1.0,0.5,7.299,0.601
0.5,0.0,0.5,2.0,0.125,10.341,0.851
0.5,0.0,0.5,2.0,0.5,12.165,1.001
0.5,0.0,0.5,2.0,1.0,14.598,1.202
0.5,0.0,0.5,4.0,0.125,20.073,1.652
0.5,0.0,0.5,4.0,0.5,21.898,1.803
0.5,0.0,0.5,4.0,1.0,24.331,2.003
0.5,0.0,0.5,4.0,2.0,29.197,2.403
0.5,0.05,0.45,0.25,0.125,1.663,0.141
0.5,0.05,0.45,0.5,0.125,2.772,0.235
0.5,0.05,0.45,1.0,0.125,4.989,0.423
0.5,0.05,0.45,1.0,0.5,6.652,0.564
0.5,0.05,0.45,2.0,0.125,9.424,0.8
0.5,0.05,0.45,2.0,0.5,11.087,0.941
0.5,0.05,0.45,2.0,1.0,13.305,1.129
0.5,0.05,0.45,4.0,0.125,18.294,1.552
0.5,0.05,0.45,4.0,0.5,19.957,1.693
0.5,0.05,0.45,4.0,1.0,22.175,1.882
0.5,0.05,0.45,4.0,2.0,26.61,2.258
0.5,0.1,0.4,0.25,0.125,1.526,0.167
0.5,0.1,0.4,0.5,0.125,2.543,0.279
0.5,0.1,0.4,1.0,0.125,4.577,0.502
0.5,0.1,0.4,1.0,0.5,6.103,0.67
0.5,0.1,0.4,2.0,0.125,8.645,0.949
0.5,0.1,0.4,2.0,0.5,10.171,1.116
0.5,0.1,0.4,2.0,1.0,12.205,1.34
0.5,0.1,0.4,4.0,0.125,16.782,1.842
0.5,0.1,0.4,4.0,0.5,18.308,2.009
0.5,0.1,0.4,4.0,1.0,20.342,2.233
0.5,0.1,0.4,4.0,2.0,24.41,2.679
0.5,0.15,0.35,0.25,0.125,1.29,0.164
0.5,0.15,0.35,0.5,0.125,2.149,0.274
0.5,0.15,0.35,1.0,0.125,3.869,0.493
0.5,0.15,0.35,1.0,0.5,5.158,0.657
0.5,0.15,0.35,2.0,0.125,7.308,0.931
0.5,0.15,0.35,2.0,0.5,8.597,1.095
0.5,0.15,0.35,2.0,1.0,10.317,1.314
0.5,0.15,0.35,4.0,0.125,14.186,1.807
0.5,0.15,0.35,4.0,0.5,15.475,1.972
0.5,0.15,0.35,4.0,1.0,17.195,2.191
0.5,0.15,0.35,4.0,2.0,20.634,2.629
0.5,0.2,0.3,0.25,0.125,1.123,0.168
0.5,0.2,0.3,0.5,0.125,1.872,0.28
0.5,0.2,0.3,1.0,0.125,3.369,0.503
0.5,0.2,0.3,1.0,0.5,4.492,0.671
0.5,0.2,0.3,2.0,0.125,6.363,0.951
0.5,0.2,0.3,2.0,0.5,7.486,1.119
0.5,0.2,0.3,2.0,1.0,8.984,1.342
0.5,0.2,0.3,4.0,0.125,12.353,1.846
0.5,0.2,0.3,4.0,0.5,13.475,2.014
0.5,0.2,0.3,4.0,1.0,14.973,2.237
0.5,0.2,0.3,4.0,2.0,17.967,2.685
0.5,0.25,0.25,0.25,0.125,0.956,0.161
0.5,0.25,0.25,0.5,0.125,1.593,0.269
0.5,0.25,0.25,1.0,0.125,2.867,0.484
0.5,0.25,0.25,1.0,0.5,3.823,0.645
0.5,0.25,0.25,2.0,0.125,5.415,0.913
0.5,0.25,0.25,2.0,0.5,6.371,1.075
0.5,0.25,0.25,2.0,1.0,7.645,1.289
0.5,0.25,0.25,4.0,0.125,10.512,1.773
0.5,0.25,0.25,4.0,0.5,11.468,1.934
0.5,0.25,0.25,4.0,1.0,12.742,2.149
0.5,0.25,0.25,4.0,2.0,15.291,2.579
0.5,0.3,0.2,0.25,0.125,0.706,0.165
0.5,0.3,0.2,0.5,0.125,1.177,0.275
0.5,0.3,0.2,1.0,0.125,2.118,0.494
0.5,0.3,0.2,1.0,0.5,2.824,0.659
0.5,0.3,0.2,2.0,0.125,4.001,0.934
0.5,0.3,0.2,2.0,0.5,4.707,1.099
0.5,0.3,0.2,2.0,1.0,5.649,1.319
0.5,0.3,0.2,4.0,0.125,7.767,1.813
0.5,0.3,0.2,4.0,0.5,8.473,1.978
0.5,0.3,0.2,4.0,1.0,9.414,2.198
0.5,0.3,0.2,4.0,2.0,11.297,2.637
0.5,0.35,0.15,0.25,0.125,0.527,0.172
0.5,0.35,0.15,0.5,0.125,0.879,0.287
0.5,0.35,0.15,1.0,0.125,1.582,0.517
0.5,0.35,0.15,1.0,0.5,2.11,0.689
0.5,0.35,0.15,2.0,0.125,2.989,0.976
0.5,0.35,0.15,2.0,0.5,3.516,1.148
0.5,0.35,0.15,2.0,1.0,4.219,1.378
0.5,0.35,0.15,4.0,0.125,5.801,1.895
0.5,0.35,0.15,4.0,0.5,6.329,2.067
0.5,0.35,0.15,4.0,1.0,7.032,2.296
0.5,0.35,0.15,4.0,2.0,8.438,2.756
0.5,0.4,0.1,0.25,0.125,0.377,0.152
0.5,0.4,0.1,0.5,0.125,0.628,0.253
0.5,0.4,0.1,1.0,0.125,1.131,0.455
0.5,0.4,0.1,1.0,0.5,1.508,0.607
0.5,0.4,0.1,2.0,0.125,2.137,0.86
0.5,0.4,0.1,2.0,0.5,2.514,1.012
0.5,0.4,0.1,2.0,1.0,3.017,1.214
0.5,0.4,0.1,4.0,0.125,4.148,1.669
0.5,0.4,0.1,4.0,0.5,4.525,1.821
0.5,0.4,0.1,4.0,1.0,5.028,2.023
0.5,0.4,0.1,4.0,2.0,6.033,2.428
0.5,0.45,0.05,0.25,0.125,0.192,0.148
0.5,0.45,0.05,0.5,0.125,0.321,0.247
0.5,0.45,0.05,1.0,0.125,0.577,0.444
0.5,0.45,0.05,1.0,0.5,0.77,0.593
0.5,0.45,0.05,2.0,0.125,1.09,0.839
0.5,0.45,0.05,2.0,0.5,1.283,0.988
0.5,0.45,0.05,2.0,1.0,1.539,1.185
0.5,0.45,0.05,4.0,0.125,2.117,1.629
0.5,0.45,0.05,4.0,0.5,2.309,1.778
0.5,0.45,0.05,4.0,1.0,2.565,1.975
0.5,0.45,0.05,4.0,2.0,3.079,2.37
0.5,0.5,0.0,0.25,0.125,0.0,0.105
0.5,0.5,0.0,0.5,0.125,0.0,0.174
0.5,0.5,0.0,1.0,0.125,0.0,0.314
0.5,0.5,0.0,1.0,0.5,0.0,0.418
0.5,0.5,0.0,2.0,0.125,0.0,0.592
0.5,0.5,0.0,2.0,0.5,0.0,0.697
0.5,0.5,0.0,2.0,1.0,0.0,0.836
0.5,0.5,0.0,4.0,0.125,0.0,1.15
0.5,0.5,0.0,4.0,0.5,0.0,1.255
0.5,0.5,0.0,4.0,1.0,0.0,1.394
0.5,0.5,0.0,4.0,2.0,0.0,1.673
0.55,0.0,0.45,0.25,0.125,1.602,0.134
0.55,0.0,0.45,0.5,0.125,2.67,0.224
0.55,0.0,0.45,1.0,0.125,4.806,0.403
0.55,0.0,0.45,1.0,0.5,6.407,0.538
0.55,0.0,0.45,2.0,0.125,9.077,0.761
0.55,0.0,0.45,2.0,0.5,10.679,0.896
0.55,0.0,0.45,2.0,1.0,12.815,1.075
0.55,0.0,0.45,4.0,0.125,17.62,1.478
0.55,0.0,0.45,4.0,0.5,19.222,1.613
0.55,0.0,0.45,4.0,1.0,21.358,1.792
0.55,0.0,0.45,4.0,2.0,25.63,2.15
0.55,0.05,0.4,0.25,0.125,1.479,0.14
0.55,0.05,0.4,0.5,0.125,2.466,0.234
0.55,0.05,0.4,1.0,0.125,4.438,0.421
0.55,0.05,0.4,1.0,0.5,5.917,0.561
0.55,0.05,0.4,2.0,0.125,8.383,0.795
0.55,0.05,0.4,2.0,0.5,9.862,0.935
0.55,0.05,0.4,2.0,1.0,11.835,1.122
0.55,0.05,0.4,4.0,0.125,16.273,1.542
0.55,0.05,0.4,4.0,0.5,17.752,1.683
0.55,0.05,0.4,4.0,1.0,19.724,1.87
0.55,0.05,0.4,4.0,2.0,23.669,2.244
0.55,0.1,0.35,0.25,0.125,1.316,0.144
0.55,0.1,0.35,0.5,0.125,2.194,0.24
0.55,0.1,0.35,1.0,0.125,3.949,0.432
0.55,0.1,0.35,1.0,0.5,5.266,0.576
0.55,0.1,0.35,2.0,0.125,7.46,0.816
0.55,0.1,0.35,2.0,0.5,8.776,0.96
0.55,0.1,0.35,2.0,1.0,10.532,1.152
0.55,0.1,0.35,4.0,0.125,14.481,1.584
0.55,0.1,0.35,4.0,0.5,15.797,1.728
0.55,0.1,0.35,4.0,1.0,17.553,1.92
0.55,0.1,0.35,4.0,2.0,21.063,2.304
0.55,0.15,0.3,0.25,0.125,1.106,0.149
0.55,0.15,0.3,0.5,0.125,1.844,0.248
0.55,0.15,0.3,1.0,0.125,3.319,0.446
0.55,0.15,0.3,1.0,0.5,4.425,0.594
0.55,0.15,0.3,2.0,0.125,6.269,0.842
0.55,0.15,0.3,2.0,0.5,7.375,0.991
0.55,0.15,0.3,2.0,1.0,8.85,1.189
0.55,0.15,0.3,4.0,0.125,12.169,1.634
0.55,0.15,0.3,4.0,0.5,13.275,1.783
0.55,0.15,0.3,4.0,1.0,14.75,1.981
0.55,0.15,0.3,4.0,2.0,17.7,2.377
0.55,0.2,0.25,0.25,0.125,0.96,0.125
0.55,0.2,0.25,0.5,0.125,1.6,0.208
0.55,0.2,0.25,1.0,0.125,2.88,0.374
0.55,0.2,0.25,1.0,0.5,3.84,0.498
0.55,0.2,0.25,2.0,0.125,5.44,0.706
0.55,0.2,0.25,2.0,0.5,6.399,0.83
0.55,0.2,0.25,2.0,1.0,7.679,0.996
0.55,0.2,0.25,4.0,0.125,10.559,1.37
0.55,0.2,0.25,4.0,0.5,11.519,1.494
0.55,0.2,0.25,4.0,1.0,12.799,1.66
0.55,0.2,0.25,4.0,2.0,15.359,1.992
0.55,0.25,0.2,0.25,0.125,0.736,0.164
0.55,0.25,0.2,0.5,0.125,1.226,0.274
0.55,0.25,0.2,1.0,0.125,2.208,0.493
0.55,0.25,0.2,1.0,0.5,2.943,0.658
0.55,0.25,0.2,2.0,0.125,4.17,0.932
0.55,0.25,0.2,2.0,0.5,4.906,1.096
0.55,0.25,0.2,2.0,1.0,5.887,1.315
0.55,0.25,0.2,4.0,0.125,8.094,1.808
0.55,0.25,0.2,4.0,0.5,8.83,1.973
0.55,0.25,0.2,4.0,1.0,9.811,2.192
0.55,0.25,0.2,4.0,2.0,11.774,2.63
0.55,0.3,0.15,0.25,0.125,0.57,0.165
0.55,0.3,0.15,0.5,0.125,0.95,0.275
0.55,0.3,0.15,1.0,0.125,1.709,0.495
0.55,0.3,0.15,1.0,0.5,2.279,0.661
0.55,0.3,0.15,2.0,0.125,3.229,0.936
0.55,0.3,0.15,2.0,0.5,3.799,1.101
0.55,0.3,0.15,2.0,1.0,4.559,1.321
0.55,0.3,0.15,4.0,0.125,6.268,1.817
0.55,0.3,0.15,4.0,0.5,6.838,1.982
0.55,0.3,0.15,4.0,1.0,7.598,2.202
0.55,0.3,0.15,4.0,2.0,9.117,2.643
0.55,0.35,0.1,0.25,0.125,0.348,0.168
0.55,0.35,0.1,0.5,0.125,0.579,0.28
0.55,0.35,0.1,1.0,0.125,1.043,0.504
0.55,0.35,0.1,1.0,0.5,1.391,0.672
0.55,0.35,0.1,2.0,0.125,1.97,0.952
0.55,0.35,0.1,2.0,0.5,2.318,1.12
0.55,0.35,0.1,2.0,1.0,2.781,1.343
0.55,0.35,0.1,4.0,0.125,3.824,1.847
0.55,0.35,0.1,4.0,0.5,4.172,2.015
0.55,0.35,0.1,4.0,1.0,4.635,2.239
0.55,0.35,0.1,4.0,2.0,5.562,2.687
0.55,0.4,0.05,0.25,0.125,0.205,0.144
0.55,0.4,0.05,0.5,0.125,0.342,0.241
0.55,0.4,0.05,1.0,0.125,0.616,0.433
0.55,0.4,0.05,1.0,0.5,0.821,0.577
0.55,0.4,0.05,2.0,0.125,1.163,0.818
0.55,0.4,0.05,2.0,0.5,1.368,0.962
0.55,0.4,0.05,2.0,1.0,1.642,1.155
0.55,0.4,0.05,4.0,0.125,2.257,1.588
0.55,0.4,0.05,4.0,0.5,2.462,1.732
0.55,0.4,0.05,4.0,1.0,2.736,1.925
0.55,0.4,0.05,4.0,2.0,3.283,2.31
0.55,0.45,0.0,0.25,0.125,0.0,0.082
0.55,0.45,0.0,0.5,0.125,0.0,0.137
0.55,0.45,0.0,1.0,0.125,0.0,0.247
0.55,0.45,0.0,1.0,0.5,0.0,0.329
0.55,0.45,0.0,2.0,0.125,0.0,0.466
0.55,0.45,0.0,2.0,0.5,0.0,0.548
0.55,0.45,0.0,2.0,1.0,0.0,0.658
0.55,0.45,0.0,4.0,0.125,0.0,0.904
0.55,0.45,0.0,4.0,0.5,0.0,0.986
0.55,0.45,0.0,4.0,1.0,0.0,1.096
0.55,0.45,0.0,4.0,2.0,0.0,1.315
0.6,0.0,0.4,0.25,0.125,1.442,0.122
0.6,0.0,0.4,0.5,0.125,2.404,0.203
0.6,0.0,0.4,1.0,0.125,4.327,0.366
0.6,0.0,0.4,1.0,0.5,5.77,0.488
0.6,0.0,0.4,2.0,0.125,8.174,0.692
0.6,0.0,0.4,2.0,0.5,9.616,0.814
0.6,0.0,0.4,2.0,1.0,11.54,0.977
0.6,0.0,0.4,4.0,0.125,15.867,1.343
0.6,0.0,0.4,4.0,0.5,17.309,1.465
0.6,0.0,0.4,4.0,1.0,19.233,1.628
0.6,0.0,0.4,4.0,2.0,23.079,1.953
0.6,0.05,0.35,0.25,0.125,1.275,0.141
0.6,0.05,0.35,0.5,0.125,2.124,0.235
0.6,0.05,0.35,1.0,0.125,3.824,0.422
0.6,0.05,0.35,1.0,0.5,5.099,0.563
0.6,0.05,0.35,2.0,0.125,7.223,0.798
0.6,0.05,0.35,2.0,0.5,8.498,0.938
0.6,0.05,0.35,2.0,1.0,10.198,1.126
0.6,0.05,0.35,4.0,0.125,14.022,1.548
0.6,0.05,0.35,4.0,0.5,15.296,1.689
0.6,0.05,0.35,4.0,1.0,16.996,1.877
0.6,0.05,0.35,4.0,2.0,20.395,2.252
0.6,0.1,0.3,0.25,0.125,1.119,0.155
0.6,0.1,0.3,0.5,0.125,1.864,0.258
0.6,0.1,0.3,1.0,0.125,3.356,0.464
0.6,0.1,0.3,1.0,0.5,4.474,0.619
0.6,0.1,0.3,2.0,0.125,6.339,0.877
0.6,0.1,0.3,2.0,0.5,7.457,1.032
0.6,0.1,0.3,2.0,1.0,8.949,1.239
0.6,0.1,0.3,4.0,0.125,12.305,1.703
0.6,0.1,0.3,4.0,0.5,13.423,1.858
0.6,0.1,0.3,4.0,1.0,14.915,2.064
0.6,0.1,0.3,4.0,2.0,17.898,2.477
0.6,0.15,0.25,0.25,0.125,0.938,0.154
0.6,0.15,0.25,0.5,0.125,1.563,0.256
0.6,0.15,0.25,1.0,0.125,2.813,0.461
0.6,0.15,0.25,1.0,0.5,3.751,0.615
0.6,0.15,0.25,2.0,0.125,5.314,0.871
0.6,0.15,0.25,2.0,0.5,6.252,1.024
0.6,0.15,0.25,2.0,1.0,7.502,1.229
0.6,0.15,0.25,4.0,0.125,10.315,1.69
0.6,0.15,0.25,4.0,0.5,11.253,1.844
0.6,0.15,0.25,4.0,1.0,12.503,2.049
0.6,0.15,0.25,4.0,2.0,15.004,2.458
0.6,0.2,0.2,0.25,0.125,0.72,0.156
0.6,0.2,0.2,0.5,0.125,1.2,0.259
0.6,0.2,0.2,1.0,0.125,2.16,0.467
0.6,0.2,0.2,1.0,0.5,2.88,0.623
0.6,0.2,0.2,2.0,0.125,4.08,0.882
0.6,0.2,0.2,2.0,0.5,4.8,1.038
0.6,0.2,0.2,2.0,1.0,5.76,1.245
0.6,0.2,0.2,4.0,0.125,7.921,1.712
0.6,0.2,0.2,4.0,0.5,8.641,1.868
0.6,0.2,0.2,4.0,1.0,9.601,2.076
0.6,0.2,0.2,4.0,2.0,11.521,2.491
0.6,0.25,0.15,0.25,0.125,0.578,0.164
0.6,0.25,0.15,0.5,0.125,0.963,0.274
0.6,0.25,0.15,1.0,0.125,1.734,0.493
0.6,0.25,0.15,1.0,0.5,2.312,0.658
0.6,0.25,0.15,2.0,0.125,3.276,0.932
0.6,0.25,0.15,2.0,0.5,3.854,1.096
0.6,0.25,0.15,2.0,1.0,4.625,1.315
0.6,0.25,0.15,4.0,0.125,6.359,1.809
0.6,0.25,0.15,4.0,0.5,6.937,1.973
0.6,0.25,0.15,4.0,1.0,7.708,2.192
0.6,0.25,0.15,4.0,2.0,9.249,2.631
0.6,0.3,0.1,0.25,0.125,0.393,0.169
0.6,0.3,0.1,0.5,0.125,0.655,0.282
0.6,0.3,0.1,1.0,0.125,1.179,0.507
0.6,0.3,0.1,1.0,0.5,1.572,0.676
0.6,0.3,0.1,2.0,0.125,2.227,0.958
0.6,0.3,0.1,2.0,0.5,2.62,1.127
0.6,0.3,0.1,2.0,1.0,3.144,1.353
0.6,0.3,0.1,4.0,0.125,4.323,1.86
0.6,0.3,0.1,4.0,0.5,4.716,2.029
0.6,0.3,0.1,4.0,1.0,5.24,2.255
0.6,0.3,0.1,4.0,2.0,6.288,2.706
0.6,0.35,0.05,0.25,0.125,0.162,0.157
0.6,0.35,0.05,0.5,0.125,0.271,0.262
0.6,0.35,0.05,1.0,0.125,0.487,0.472
0.6,0.35,0.05,1.0,0.5,0.65,0.63
0.6,0.35,0.05,2.0,0.125,0.921,0.892
0.6,0.35,0.05,2.0,0.5,1.083,1.05
0.6,0.35,0.05,2.0,1.0,1.3,1.26
0.6,0.35,0.05,4.0,0.125,1.787,1.732
0.6,0.35,0.05,4.0,0.5,1.95,1.889
0.6,0.35,0.05,4.0,1.0,2.167,2.099
0.6,0.35,0.05,4.0,2.0,2.6,2.519
0.6,0.4,0.0,0.25,0.125,0.0,0.1
0.6,0.4,0.0,0.5,0.125,0.0,0.167
0.6,0.4,0.0,1.0,0.125,0.0,0.301
0.6,0.4,0.0,1.0,0.5,0.0,0.401
0.6,0.4,0.0,2.0,0.125,0.0,0.568
0.6,0.4,0.0,2.0,0.5,0.0,0.669
0.6,0.4,0.0,2.0,1.0,0.0,0.802
0.6,0.4,0.0,4.0,0.125,0.0,1.103
0.6,0.4,0.0,4.0,0.5,0.0,1.204
0.6,0.4,0.0,4.0,1.0,0.0,1.337
0.6,0.4,0.0,4.0,2.0,0.0,1.605
0.65,0.0,0.35,0.25,0.125,1.269,0.152
0.65,0.0,0.35,0.5,0.125,2.115,0.253
0.65,0.0,0.35,1.0,0.125,3.806,0.455
0.65,0.0,0.35,1.0,0.5,5.075,0.607
0.65,0.0,0.35,2.0,0.125,7.19,0.86
0.65,0.0,0.35,2.0,0.5,8.459,1.011
0.65,0.0,0.35,2.0,1.0,10.15,1.214
0.65,0.0,0.35,4.0,0.125,13.957,1.669
0.65,0.0,0.35,4.0,0.5,15.225,1.82
0.65,0.0,0.35,4.0,1.0,16.917,2.023
0.65,0.0,0.35,4.0,2.0,20.3,2.427
0.65,0.05,0.3,0.25,0.125,1.112,0.143
0.65,0.05,0.3,0.5,0.125,1.854,0.239
0.65,0.05,0.3,1.0,0.125,3.337,0.43
0.65,0.05,0.3,1.0,0.5,4.449,0.573
0.65,0.05,0.3,2.0,0.125,6.303,0.812
0.65,0.05,0.3,2.0,0.5,7.415,0.955
0.65,0.05,0.3,2.0,1.0,8.898,1.146
0.65,0.05,0.3,4.0,0.125,12.235,1.575
0.65,0.05,0.3,4.0,0.5,13.347,1.718
0.65,0.05,0.3,4.0,1.0,14.83,1.909
0.65,0.05,0.3,4.0,2.0,17.796,2.291
0.65,0.1,0.25,0.25,0.125,0.899,0.165
0.65,0.1,0.25,0.5,0.125,1.498,0.275
0.65,0.1,0.25,1.0,0.125,2.697,0.494
0.65,0.1,0.25,1.0,0.5,3.595,0.659
0.65,0.1,0.25,2.0,0.125,5.094,0.934
0.65,0.1,0.25,2.0,0.5,5.992,1.098
0.65,0.1,0.25,2.0,1.0,7.191,1.318
0.65,0.1,0.25,4.0,0.125,9.887,1.812
0.65,0.1,0.25,4.0,0.5,10.786,1.977
0.65,0.1,0.25,4.0,1.0,11.985,2.197
0.65,0.1,0.25,4.0,2.0,14.382,2.636
0.65,0.15,0.2,0.25,0.125,0.73,0.145
0.65,0.15,0.2,0.5,0.125,1.216,0.242
0.65,0.15,0.2,1.0,0.125,2.189,0.435
0.65,0.15,0.2,1.0,0.5,2.919,0.58
0.65,0.15,0.2,2.0,0.125,4.135,0.822
0.65,0.15,0.2,2.0,0.5,4.865,0.967
0.65,0.15,0.2,2.0,1.0,5.838,1.161
0.65,0.15,0.2,4.0,0.125,8.027,1.596
0.65,0.15,0.2,4.0,0.5,8.756,1.741
0.65,0.15,0.2,4.0,1.0,9.729,1.935
0.65,0.15,0.2,4.0,2.0,11.675,2.322
0.65,0.2,0.15,0.25,0.125,0.59,0.149
0.65,0.2,0.15,0.5,0.125,0.983,0.249
0.65,0.2,0.15,1.0,0.125,1.77,0.448
0.65,0.2,0.15,1.0,0.5,2.36,0.597
0.65,0.2,0.15,2.0,0.125,3.344,0.846
0.65,0.2,0.15,2.0,0.5,3.934,0.996
0.65,0.2,0.15,2.0,1.0,4.72,1.195
0.65,0.2,0.15,4.0,0.125,6.491,1.643
0.65,0.2,0.15,4.0,0.5,7.081,1.792
0.65,0.2,0.15,4.0,1.0,7.867,1.991
0.65,0.2,0.15,4.0,2.0,9.441,2.39
0.65,0.25,0.1,0.25,0.125,0.395,0.173
0.65,0.25,0.1,0.5,0.125,0.658,0.289
0.65,0.25,0.1,1.0,0.125,1.185,0.52
0.65,0.25,0.1,1.0,0.5,1.58,0.694
0.65,0.25,0.1,2.0,0.125,2.238,0.983
0.65,0.25,0.1,2.0,0.5,2.633,1.157
0.65,0.25,0.1,2.0,1.0,3.159,1.388
0.65,0.25,0.1,4.0,0.125,4.344,1.908
0.65,0.25,0.1,4.0,0.5,4.739,2.082
0.65,0.25,0.1,4.0,1.0,5.265,2.313
0.65,0.25,0.1,4.0,2.0,6.319,2.776
0.65,0.3,0.05,0.25,0.125,0.144,0.155
0.65,0.3,0.05,0.5,0.125,0.24,0.258
0.65,0.3,0.05,1.0,0.125,0.433,0.465
0.65,0.3,0.05,1.0,0.5,0.577,0.619
0.65,0.3,0.05,2.0,0.125,0.817,0.878
0.65,0.3,0.05,2.0,0.5,0.962,1.032
0.65,0.3,0.05,2.0,1.0,1.154,1.239
0.65,0.3,0.05,4.0,0.125,1.587,1.703
0.65,0.3,0.05,4.0,0.5,1.731,1.858
0.65,0.3,0.05,4.0,1.0,1.923,2.065
0.65,0.3,0.05,4.0,2.0,2.308,2.478
0.65,0.35,0.0,0.25,0.125,0.0,0.108
0.65,0.35,0.0,0.5,0.125,0.0,0.18
0.65,0.35,0.0,1.0,0.125,0.0,0.324
0.65,0.35,0.0,1.0,0.5,0.0,0.432
0.65,0.35,0.0,2.0,0.125,0.0,0.613
0.65,0.35,0.0,2.0,0.5,0.0,0.721
0.65,0.35,0.0,2.0,1.0,0.0,0.865
0.65,0.35,0.0,4.0,0.125,0.0,1.189
0.65,0.35,0.0,4.0,0.5,0.0,1.297
0.65,0.35,0.0,4.0,1.0,0.0,1.442
0.65,0.35,0.0,4.0,2.0,0.0,1.73
0.7,0.0,0.3,0.25,0.125,1.095,0.133
0.7,0.0,0.3,0.5,0.125,1.824,0.221
0.7,0.0,0.3,1.0,0.125,3.284,0.399
0.7,0.0,0.3,1.0,0.5,4.378,0.531
0.7,0.0,0.3,2.0,0.125,6.203,0.753
0.7,0.0,0.3,2.0,0.5,7.297,0.886
0.7,0.0,0.3,2.0,1.0,8.757,1.063
0.7,0.0,0.3,4.0,0.125,12.041,1.462
0.7,0.0,0.3,4.0,0.5,13.135,1.594
0.7,0.0,0.3,4.0,1.0,14.595,1.772
0.7,0.0,0.3,4.0,2.0,17.513,2.126
0.7,0.05,0.25,0.25,0.125,0.957,0.159
0.7,0.05,0.25,0.5,0.125,1.595,0.266
0.7,0.05,0.25,1.0,0.125,2.871,0.478
0.7,0.05,0.25,1.0,0.5,3.828,0.638
0.7,0.05,0.25,2.0,0.125,5.423,0.904
0.7,0.05,0.25,2.0,0.5,6.38,1.063
0.7,0.05,0.25,2.0,1.0,7.656,1.276
0.7,0.05,0.25,4.0,0.125,10.527,1.754
0.7,0.05,0.25,4.0,0.5,11.484,1.914
0.7,0.05,0.25,4.0,1.0,12.76,2.126
0.7,0.05,0.25,4.0,2.0,15.312,2.552
0.7,0.1,0.2,0.25,0.125,0.765,0.173
0.7,0.1,0.2,0.5,0.125,1.275,0.288
0.7,0.1,0.2,1.0,0.125,2.295,0.519
0.7,0.1,0.2,1.0,0.5,3.06,0.691
0.7,0.1,0.2,2.0,0.125,4.335,0.979
0.7,0.1,0.2,2.0,0.5,5.1,1.152
0.7,0.1,0.2,2.0,1.0,6.12,1.383
0.7,0.1,0.2,4.0,0.125,8.415,1.901
0.7,0.1,0.2,4.0,0.5,9.18,2.074
0.7,0.1,0.2,4.0,1.0,10.199,2.304
0.7,0.1,0.2,4.0,2.0,12.239,2.765
0.7,0.15,0.15,0.25,0.125,0.57,0.162
0.7,0.15,0.15,0.5,0.125,0.949,0.27
0.7,0.15,0.15,1.0,0.125,1.709,0.485
0.7,0.15,0.15,1.0,0.5,2.278,0.647
0.7,0.15,0.15,2.0,0.125,3.227,0.917
0.7,0.15,0.15,2.0,0.5,3.797,1.079
0.7,0.15,0.15,2.0,1.0,4.556,1.295
0.7,0.15,0.15,4.0,0.125,6.265,1.78
0.7,0.15,0.15,4.0,0.5,6.834,1.942
0.7,0.15,0.15,4.0,1.0,7.594,2.158
0.7,0.15,0.15,4.0,2.0,9.112,2.589
0.7,0.2,0.1,0.25,0.125,0.357,0.152
0.7,0.2,0.1,0.5,0.125,0.595,0.253
0.7,0.2,0.1,1.0,0.125,1.072,0.455
0.7,0.2,0.1,1.0,0.5,1.429,0.607
0.7,0.2,0.1,2.0,0.125,2.024,0.86
0.7,0.2,0.1,2.0,0.5,2.382,1.012
0.7,0.2,0.1,2.0,1.0,2.858,1.215
0.7,0.2,0.1,4.0,0.125,3.93,1.67
0.7,0.2,0.1,4.0,0.5,4.287,1.822
0.7,0.2,0.1,4.0,1.0,4.763,2.024
0.7,0.2,0.1,4.0,2.0,5.716,2.429
0.7,0.25,0.05,0.25,0.125,0.198,0.152
0.7,0.25,0.05,0.5,0.125,0.331,0.254
0.7,0.25,0.05,1.0,0.125,0.595,0.457
0.7,0.25,0.05,1.0,0.5,0.794,0.609
0.7,0.25,0.05,2.0,0.125,1.125,0.863
0.7,0.25,0.05,2.0,0.5,1.323,1.016
0.7,0.25,0.05,2.0,1.0,1.588,1.219
0.7,0.25,0.05,4.0,0.125,2.183,1.676
0.7,0.25,0.05,4.0,0.5,2.382,1.828
0.7,0.25,0.05,4.0,1.0,2.646,2.032
0.7,0.25,0.05,4.0,2.0,3.176,2.438
0.7,0.3,0.0,0.25,0.125,0.008,0.108
0.7,0.3,0.0,0.5,0.125,0.014,0.18
0.7,0.3,0.0,1.0,0.125,0.024,0.323
0.7,0.3,0.0,1.0,0.5,0.033,0.431
0.7,0.3,0.0,2.0,0.125,0.046,0.611
0.7,0.3,0.0,2.0,0.5,0.054,0.718
0.7,0.3,0.0,2.0,1.0,0.065,0.862
0.7,0.3,0.0,4.0,0.125,0.089,1.186
0.7,0.3,0.0,4.0,0.5,0.098,1.293
0.7,0.3,0.0,4.0,1.0,0.108,1.437
0.7,0.3,0.0,4.0,2.0,0.13,1.724
0.75,0.0,0.25,0.25,0.125,0.903,0.142
0.75,0.0,0.25,0.5,0.125,1.505,0.237
0.75,0.0,0.25,1.0,0.125,2.71,0.426
0.75,0.0,0.25,1.0,0.5,3.613,0.568
0.75,0.0,0.25,2.0,0.125,5.118,0.804
0.75,0.0,0.25,2.0,0.5,6.021,0.946
0.75,0.0,0.25,2.0,1.0,7.226,1.135
0.75,0.0,0.25,4.0,0.125,9.935,1.561
0.75,0.0,0.25,4.0,0.5,10.838,1.703
0.75,0.0,0.25,4.0,1.0,12.043,1.892
0.75,0.0,0.25,4.0,2.0,14.451,2.271
0.75,0.05,0.2,0.25,0.125,0.751,0.151
0.75,0.05,0.2,0.5,0.125,1.252,0.251
0.75,0.05,0.2,1.0,0.125,2.254,0.452
0.75,0.05,0.2,1.0,0.5,3.005,0.603
0.75,0.05,0.2,2.0,0.125,4.257,0.854
0.75,0.05,0.2,2.0,0.5,5.009,1.004
0.75,0.05,0.2,2.0,1.0,6.01,1.205
0.75,0.05,0.2,4.0,0.125,8.264,1.657
0.75,0.05,0.2,4.0,0.5,9.016,1.808
0.75,0.05,0.2,4.0,1.0,10.017,2.009
0.75,0.05,0.2,4.0,2.0,12.021,2.411
0.75,0.1,0.15,0.25,0.125,0.573,0.16
0.75,0.1,0.15,0.5,0.125,0.956,0.267
0.75,0.1,0.15,1.0,0.125,1.72,0.481
0.75,0.1,0.15,1.0,0.5,2.294,0.641
0.75,0.1,0.15,2.0,0.125,3.249,0.908
0.75,0.1,0.15,2.0,0.5,3.823,1.068
0.75,0.1,0.15,2.0,1.0,4.587,1.282
0.75,0.1,0.15,4.0,0.125,6.307,1.762
0.75,0.1,0.15,4.0,0.5,6.881,1.922
0.75,0.1,0.15,4.0,1.0,7.645,2.136
0.75,0.1,0.15,4.0,2.0,9.174,2.563
0.75,0.15,0.1,0.25,0.125,0.377,0.17
0.75,0.15,0.1,0.5,0.125,0.629,0.283
0.75,0.15,0.1,1.0,0.125,1.132,0.509
0.75,0.15,0.1,1.0,0.5,1.509,0.678
0.75,0.15,0.1,2.0,0.125,2.138,0.961
0.75,0.15,0.1,2.0,0.5,2.515,1.13
0.75,0.15,0.1,2.0,1.0,3.018,1.356
0.75,0.15,0.1,4.0,0.125,4.15,1.865
0.75,0.15,0.1,4.0,0.5,4.527,2.035
0.75,0.15,0.1,4.0,1.0,5.03,2.261
0.75,0.15,0.1,4.0,2.0,6.036,2.713
0.75,0.2,0.05,0.25,0.125,0.188,0.158
0.75,0.2,0.05,0.5,0.125,0.313,0.263
0.75,0.2,0.05,1.0,0.125,0.564,0.474
0.75,0.2,0.05,1.0,0.5,0.752,0.631
0.75,0.2,0.05,2.0,0.125,1.065,0.894
0.75,0.2,0.05,2.0,0.5,1.253,1.052
0.75,0.2,0.05,2.0,1.0,1.504,1.263
0.75,0.2,0.05,4.0,0.125,2.068,1.736
0.75,0.2,0.05,4.0,0.5,2.256,1.894
0.75,0.2,0.05,4.0,1.0,2.507,2.104
0.75,0.2,0.05,4.0,2.0,3.008,2.525
0.75,0.25,0.0,0.25,0.125,0.0,0.108
0.75,0.25,0.0,0.5,0.125,0.0,0.18
0.75,0.25,0.0,1.0,0.125,0.0,0.325
0.75,0.25,0.0,1.0,0.5,0.0,0.433
0.75,0.25,0.0,2.0,0.125,0.0,0.613
0.75,0.25,0.0,2.0,0.5,0.0,0.721
0.75,0.25,0.0,2.0,1.0,0.0,0.866
0.75,0.25,0.0,4.0,0.125,0.0,1.19
0.75,0.25,0.0,4.0,0.5,0.0,1.298
0.75,0.25,0.0,4.0,1.0,0.0,1.443
0.75,0.25,0.0,4.0,2.0,0.0,1.731
0.8,0.0,0.2,0.25,0.125,0.741,0.138
0.8,0.0,0.2,0.5,0.125,1.235,0.231
0.8,0.0,0.2,1.0,0.125,2.223,0.415
0.8,0.0,0.2,1.0,0.5,2.964,0.554
0.8,0.0,0.2,2.0,0.125,4.2,0.785
0.8,0.0,0.2,2.0,0.5,4.941,0.923
0.8,0.0,0.2,2.0,1.0,5.929,1.108
0.8,0.0,0.2,4.0,0.125,8.152,1.523
0.8,0.0,0.2,4.0,0.5,8.893,1.662
0.8,0.0,0.2,4.0,1.0,9.882,1.847
0.8,0.0,0.2,4.0,2.0,11.858,2.216
0.8,0.05,0.15,0.25,0.125,0.529,0.164
0.8,0.05,0.15,0.5,0.125,0.881,0.273
0.8,0.05,0.15,1.0,0.125,1.586,0.492
0.8,0.05,0.15,1.0,0.5,2.114,0.655
0.8,0.05,0.15,2.0,0.125,2.995,0.929
0.8,0.05,0.15,2.0,0.5,3.524,1.092
0.8,0.05,0.15,2.0,1.0,4.229,1.311
0.8,0.05,0.15,4.0,0.125,5.815,1.803
0.8,0.05,0.15,4.0,0.5,6.343,1.966
0.8,0.05,0.15,4.0,1.0,7.048,2.185
0.8,0.05,0.15,4.0,2.0,8.457,2.622
0.8,0.1,0.1,0.25,0.125,0.355,0.174
0.8,0.1,0.1,0.5,0.125,0.592,0.29
0.8,0.1,0.1,1.0,0.125,1.065,0.522
0.8,0.1,0.1,1.0,0.5,1.42,0.696
0.8,0.1,0.1,2.0,0.125,2.012,0.986
0.8,0.1,0.1,2.0,0.5,2.367,1.16
0.8,0.1,0.1,2.0,1.0,2.841,1.393
0.8,0.1,0.1,4.0,0.125,3.906,1.915
0.8,0.1,0.1,4.0,0.5,4.261,2.089
0.8,0.1,0.1,4.0,1.0,4.735,2.321
0.8,0.1,0.1,4.0,2.0,5.681,2.785
0.8,0.15,0.05,0.25,0.125,0.211,0.15
0.8,0.15,0.05,0.5,0.125,0.351,0.25
0.8,0.15,0.05,1.0,0.125,0.632,0.449
0.8,0.15,0.05,1.0,0.5,0.843,0.599
0.8,0.15,0.05,2.0,0.125,1.194,0.849
0.8,0.15,0.05,2.0,0.5,1.404,0.999
0.8,0.15,0.05,2.0,1.0,1.685,1.198
0.8,0.15,0.05,4.0,0.125,2.317,1.648
0.8,0.15,0.05,4.0,0.5,2.528,1.798
0.8,0.15,0.05,4.0,1.0,2.808,1.997
0.8,0.15,0.05,4.0,2.0,3.37,2.397
0.8,0.2,0.0,0.25,0.125,0.0,0.086
0.8,0.2,0.0,0.5,0.125,0.0,0.144
0.8,0.2,0.0,1.0,0.125,0.0,0.259
0.8,0.2,0.0,1.0,0.5,0.0,0.345
0.8,0.2,0.0,2.0,0.125,0.0,0.489
0.8,0.2,0.0,2.0,0.5,0.0,0.576
0.8,0.2,0.0,2.0,1.0,0.0,0.691
0.8,0.2,0.0,4.0,0.125,0.0,0.95
0.8,0.2,0.0,4.0,0.5,0.0,1.036
0.8,0.2,0.0,4.0,1.0,0.0,1.151
0.8,0.2,0.0,4.0,2.0,0.0,1.382
0.85,0.0,0.15,0.25,0.125,0.514,0.147
0.85,0.0,0.15,0.5,0.125,0.856,0.244
0.85,0.0,0.15,1.0,0.125,1.541,0.44
0.85,0.0,0.15,1.0,0.5,2.054,0.586
0.85,0.0,0.15,2.0,0.125,2.91,0.831
0.85,0.0,0.15,2.0,0.5,3.424,0.977
0.85,0.0,0.15,2.0,1.0,4.109,1.173
0.85,0.0,0.15,4.0,0.125,5.649,1.613
0.85,0.0,0.15,4.0,0.5,6.163,1.759
0.85,0.0,0.15,4.0,1.0,6.848,1.955
0.85,0.0,0.15,4.0,2.0,8.217,2.346
0.85,0.05,0.1,0.25,0.125,0.359,0.186
0.85,0.05,0.1,0.5,0.125,0.599,0.31
0.85,0.05,0.1,1.0,0.125,1.078,0.558
0.85,0.05,0.1,1.0,0.5,1.438,0.744
0.85,0.05,0.1,2.0,0.125,2.037,1.054
0.85,0.05,0.1,2.0,0.5,2.396,1.24
0.85,0.05,0.1,2.0,1.0,2.875,1.489
0.85,0.05,0.1,4.0,0.125,3.954,2.047
0.85,0.05,0.1,4.0,0.5,4.313,2.233
0.85,0.05,0.1,4.0,1.0,4.792,2.481
0.85,0.05,0.1,4.0,2.0,5.751,2.977
0.85,0.1,0.05,0.25,0.125,0.141,0.163
0.85,0.1,0.05,0.5,0.125,0.235,0.271
0.85,0.1,0.05,1.0,0.125,0.423,0.488
0.85,0.1,0.05,1.0,0.5,0.565,0.65
0.85,0.1,0.05,2.0,0.125,0.8,0.921
0.85,0.1,0.05,2.0,0.5,0.941,1.083
0.85,0.1,0.05,2.0,1.0,1.129,1.3
0.85,0.1,0.05,4.0,0.125,1.552,1.788
0.85,0.1,0.05,4.0,0.5,1.694,1.95
0.85,0.1,0.05,4.0,1.0,1.882,2.167
0.85,0.1,0.05,4.0,2.0,2.258,2.6
0.85,0.15,0.0,0.25,0.125,0.0,0.119
0.85,0.15,0.0,0.5,0.125,0.0,0.198
0.85,0.15,0.0,1.0,0.125,0.0,0.357
0.85,0.15,0.0,1.0,0.5,0.0,0.476
0.85,0.15,0.0,2.0,0.125,0.0,0.674
0.85,0.15,0.0,2.0,0.5,0.0,0.793
0.85,0.15,0.0,2.0,1.0,0.0,0.952
0.85,0.15,0.0,4.0,0.125,0.0,1.308
0.85,0.15,0.0,4.0,0.5,0.0,1.427
0.85,0.15,0.0,4.0,1.0,0.0,1.586
0.85,0.15,0.0,4.0,2.0,0.0,1.903
0.9,0.0,0.1,0.25,0.125,0.331,0.145
0.9,0.0,0.1,0.5,0.125,0.552,0.241
0.9,0.0,0.1,1.0,0.125,0.993,0.434
0.9,0.0,0.1,1.0,0.5,1.324,0.579
0.9,0.0,0.1,2.0,0.125,1.876,0.82
0.9,0.0,0.1,2.0,0.5,2.207,0.965
0.9,0.0,0.1,2.0,1.0,2.649,1.158
0.9,0.0,0.1,4.0,0.125,3.642,1.592
0.9,0.0,0.1,4.0,0.5,3.973,1.737
0.9,0.0,0.1,4.0,1.0,4.415,1.93
0.9,0.0,0.1,4.0,2.0,5.297,2.316
0.9,0.05,0.05,0.25,0.125,0.198,0.153
0.9,0.05,0.05,0.5,0.125,0.33,0.255
0.9,0.05,0.05,1.0,0.125,0.594,0.46
0.9,0.05,0.05,1.0,0.5,0.792,0.613
0.9,0.05,0.05,2.0,0.125,1.122,0.869
0.9,0.05,0.05,2.0,0.5,1.32,1.022
0.9,0.05,0.05,2.0,1.0,1.584,1.226
0.9,0.05,0.05,4.0,0.125,2.178,1.686
0.9,0.05,0.05,4.0,0.5,2.376,1.839
0.9,0.05,0.05,4.0,1.0,2.64,2.044
0.9,0.05,0.05,4.0,2.0,3.168,2.453
0.9,0.1,0.0,0.25,0.125,0.0,0.091
0.9,0.1,0.0,0.5,0.125,0.0,0.152
0.9,0.1,0.0,1.0,0.125,0.0,0.274
0.9,0.1,0.0,1.0,0.5,0.0,0.365
0.9,0.1,0.0,2.0,0.125,0.0,0.517
0.9,0.1,0.0,2.0,0.5,0.0,0.608
0.9,0.1,0.0,2.0,1.0,0.0,0.729
0.9,0.1,0.0,4.0,0.125,0.0,1.003
0.9,0.1,0.0,4.0,0.5,0.0,1.094
0.9,0.1,0.0,4.0,1.0,0.0,1.216
0.9,0.1,0.0,4.0,2.0,0.0,1.459
0.95,0.0,0.05,0.25,0.125,0.172,0.148
0.95,0.0,0.05,0.5,0.125,0.287,0.246
0.95,0.0,0.05,1.0,0.125,0.516,0.443
0.95,0.0,0.05,1.0,0.5,0.688,0.59
0.95,0.0,0.05,2.0,0.125,0.974,0.836
0.95,0.0,0.05,2.0,0.5,1.146,0.983
0.95,0.0,0.05,2.0,1.0,1.376,1.18
0.95,0.0,0.05,4.0,0.125,1.891,1.623
0.95,0.0,0.05,4.0,0.5,2.063,1.77
0.95,0.0,0.05,4.0,1.0,2.293,1.967
0.95,0.0,0.05,4.0,2.0,2.751,2.36
0.95,0.05,0.0,0.25,0.125,0.0,0.109
0.95,0.05,0.0,0.5,0.125,0.0,0.182
0.95,0.05,0.0,1.0,0.125,0.0,0.327
0.95,0.05,0.0,1.0,0.5,0.0,0.436
0.95,0.05,0.0,2.0,0.125,0.0,0.617
0.95,0.05,0.0,2.0,0.5,0.0,0.726
0.95,0.05,0.0,2.0,1.0,0.0,0.871
0.95,0.05,0.0,4.0,0.125,0.0,1.198
0.95,0.05,0.0,4.0,0.5,0.0,1.307
0.95,0.05,0.0,4.0,1.0,0.0,1.452
0.95,0.05,0.0,4.0,2.0,0.0,1.743
1.0,0.0,0.0,0.25,0.125,0.03,0.098
1.0,0.0,0.0,0.5,0.125,0.05,0.163
1.0,0.0,0.0,1.0,0.125,0.089,0.294
1.0,0.0,0.0,1.0,0.5,0.119,0.392
1.0,0.0,0.0,2.0,0.125,0.169,0.556
1.0,0.0,0.0,2.0,0.5,0.198,0.654
1.0,0.0,0.0,2.0,1.0,0.238,0.784
1.0,0.0,0.0,4.0,0.125,0.327,1.078
1.0,0.0,0.0,4.0,0.5,0.357,1.177
1.0,0.0,0.0,4.0,1.0,0.397,1.307
1.0,0.0,0.0,4.0,2.0,0.476,1.569
